,Year,Coal Prod,Gas Prod,Oil Prod
0,1710,0.0,0.0,0.0
1,1711,0.0,0.0,0.0
2,1712,0.0,0.0,0.0
3,1713,0.0,0.0,0.0
4,1714,0.0,0.0,0.0
5,1715,0.0,0.0,0.0
6,1716,0.0,0.0,0.0
7,1717,0.0,0.0,0.0
8,1718,0.0,0.0,0.0
9,1719,0.0,0.0,0.0
10,1720,0.0,0.0,0.0
11,1721,0.0,0.0,0.0
12,1722,0.0,0.0,0.0
13,1723,0.0,0.0,0.0
14,1724,0.0,0.0,0.0
15,1725,0.0,0.0,0.0
16,1726,0.0,0.0,0.0
17,1727,0.0,0.0,0.0
18,1728,0.0,0.0,0.0
19,1729,0.0,0.0,0.0
20,1730,0.0,0.0,0.0
21,1731,0.0,0.0,0.0
22,1732,0.0,0.0,0.0
23,1733,0.0,0.0,0.0
24,1734,0.0,0.0,0.0
25,1735,0.0,0.0,0.0
26,1736,0.0,0.0,0.0
27,1737,0.0,0.0,0.0
28,1738,0.0,0.0,0.0
29,1739,0.0,0.0,0.0
30,1740,0.0,0.0,0.0
31,1741,0.0,0.0,0.0
32,1742,0.0,0.0,0.0
33,1743,0.0,0.0,0.0
34,1744,0.0,0.0,0.0
35,1745,0.0,0.0,0.0
36,1746,0.0,0.0,0.0
37,1747,0.0,0.0,0.0
38,1748,0.0,0.0,0.0
39,1749,0.0,0.0,0.0
40,1750,0.0,0.0,0.0
41,1751,0.0,0.0,0.0
42,1752,0.0,0.0,0.0
43,1753,0.0,0.0,0.0
44,1754,0.0,0.0,0.0
45,1755,0.0,0.0,0.0
46,1756,0.0,0.0,0.0
47,1757,0.0,0.0,0.0
48,1758,0.0,0.0,0.0
49,1759,0.0,0.0,0.0
50,1760,0.0,0.0,0.0
51,1761,0.0,0.0,0.0
52,1762,0.0,0.0,0.0
53,1763,0.0,0.0,0.0
54,1764,0.0,0.0,0.0
55,1765,0.0,0.0,0.0
56,1766,0.0,0.0,0.0
57,1767,0.0,0.0,0.0
58,1768,0.0,0.0,0.0
59,1769,0.0,0.0,0.0
60,1770,0.0,0.0,0.0
61,1771,0.0,0.0,0.0
62,1772,0.0,0.0,0.0
63,1773,0.0,0.0,0.0
64,1774,0.0,0.0,0.0
65,1775,0.0,0.0,0.0
66,1776,0.0,0.0,0.0
67,1777,0.0,0.0,0.0
68,1778,0.0,0.0,0.0
69,1779,0.0,0.0,0.0
70,1780,0.0,0.0,0.0
71,1781,0.0,0.0,0.0
72,1782,0.0,0.0,0.0
73,1783,0.0,0.0,0.0
74,1784,0.0,0.0,0.0
75,1785,0.0,0.0,0.0
76,1786,0.0,0.0,0.0
77,1787,0.0,0.0,0.0
78,1788,0.0,0.0,0.0
79,1789,0.0,0.0,0.0
80,1790,0.0,0.0,0.0
81,1791,0.0,0.0,0.0
82,1792,0.0,0.0,0.0
83,1793,0.0,0.0,0.0
84,1794,0.0,0.0,0.0
85,1795,0.0,0.0,0.0
86,1796,0.0,0.0,0.0
87,1797,0.0,0.0,0.0
88,1798,0.0,0.0,0.0
89,1799,0.0,0.0,0.0
90,1800,0.0,0.0,0.0
91,1801,0.0,0.0,0.0
92,1802,0.0,0.0,0.0
93,1803,0.0,0.0,0.0
94,1804,0.0,0.0,0.0
95,1805,0.0,0.0,0.0
96,1806,0.0,0.0,0.0
97,1807,0.0,0.0,0.0
98,1808,0.0,0.0,0.0
99,1809,0.0,0.0,0.0
100,1810,0.0,0.0,0.0
101,1811,0.0,0.0,0.0
102,1812,0.0,0.0,0.0
103,1813,0.0,0.0,0.0
104,1814,0.0,0.0,0.0
105,1815,0.0,0.0,0.0
106,1816,0.0,0.0,0.0
107,1817,0.0,0.0,0.0
108,1818,0.0,0.0,0.0
109,1819,0.0,0.0,0.0
110,1820,0.0,0.0,0.0
111,1821,0.0,0.0,0.0
112,1822,0.0,0.0,0.0
113,1823,0.0,0.0,0.0
114,1824,0.0,0.0,0.0
115,1825,0.0,0.0,0.0
116,1826,0.0,0.0,0.0
117,1827,0.0,0.0,0.0
118,1828,0.0,0.0,0.0
119,1829,0.0,0.0,0.0
120,1830,0.0,0.0,0.0
121,1831,0.0,0.0,0.0
122,1832,0.0,0.0,0.0
123,1833,0.0,0.0,0.0
124,1834,0.0,0.0,0.0
125,1835,0.0,0.0,0.0
126,1836,0.0,0.0,0.0
127,1837,0.0,0.0,0.0
128,1838,0.0,0.0,0.0
129,1839,0.0,0.0,0.0
130,1840,0.0,0.0,0.0
131,1841,0.0,0.0,0.0
132,1842,0.0,0.0,0.0
133,1843,0.0,0.0,0.0
134,1844,0.0,0.0,0.0
135,1845,0.0,0.0,0.0
136,1846,0.0,0.0,0.0
137,1847,0.0,0.0,0.0
138,1848,3.75002e-05,0.0,0.0
139,1849,0.000300002,0.0,0.0
140,1850,0.000637504,0.0,0.0
141,1851,0.00120001,0.0,0.0
142,1852,0.00176251,0.0,0.0
143,1853,0.00210001,0.0,0.0
144,1854,0.00236251,0.0,0.0
145,1855,0.00240001,0.0,0.0
146,1856,0.00240001,0.0,0.0
147,1857,0.00243751,0.0,0.0
148,1858,0.00270002,0.0,0.0
149,1859,0.00300002,0.0,0.0
150,1860,0.00333752,0.0,0.0
151,1861,0.00386253,0.0,0.0
152,1862,0.00420003,0.0,0.0
153,1863,0.00453753,0.0,0.0
154,1864,0.00506254,0.0,0.0
155,1865,0.00543755,0.0,0.0
156,1866,0.00600005,0.0,0.0
157,1867,0.00660006,0.0,0.0
158,1868,0.00723757,0.0,0.0
159,1869,0.00806258,0.0,0.0
160,1870,0.00873759,0.0,0.0
161,1871,0.00960011,0.0,0.0
162,1872,0.0105001,0.0,0.0
163,1873,0.0114376,0.0,0.0
164,1874,0.0125627,0.0,0.0
165,1875,0.0135377,0.0,8.95312e-06
166,1876,0.0146628,0.0,7.1625e-05
167,1877,0.0156378,0.0,0.00014325
168,1878,0.0169129211,0.0,0.000214875
169,1879,0.018901369,0.0,0.000277547
170,1880,0.02115247,0.0,0.0002865
171,1881,0.02430444,0.0,0.0002865
172,1882,0.02756891,0.0,0.0002865
173,1883,0.03057016,0.0,0.0002865
174,1884,0.03327116,0.0,0.0002865
175,1885,0.0357239139,0.0,0.0002865
176,1886,0.038229181,0.0,0.0002865
177,1887,0.040877098,0.0,0.0002865
178,1888,0.044290069,0.0,0.0002865
179,1889,0.0479456142,0.0,0.0002865
180,1890,0.052440952,0.0,0.0002865
181,1891,0.057916047,0.0,0.0002865
182,1892,0.06344319500000001,0.0,0.0002865
183,1893,0.06955529199999999,0.0,0.0002865
184,1894,0.07545044199999999,0.0,0.0002865
185,1895,0.081387488,0.0,0.0002865
186,1896,0.08782029799999999,0.0,0.0002865
187,1897,0.093973288,0.0,0.0002865
188,1898,0.100558048,0.0,0.0002865
189,1899,0.107633538,0.0,0.0002865
190,1900,0.11529098800000001,0.0,0.0002865
191,1901,0.123511348,0.0,0.0002865
192,1902,0.132050376,0.0,0.0002865
193,1903,0.14065096,0.0,0.0002865
194,1904,0.14904223,0.0,0.0002865
195,1905,0.15869654,0.0,0.0002865
196,1906,0.16852134,0.0,0.0002865
197,1907,0.17863028,0.0,0.0002865
198,1908,0.1891059,0.0,0.0002865
199,1909,0.19947268,0.0,0.0002865
200,1910,0.21010630000000002,0.0,0.0002865
201,1911,0.22088773000000003,0.0,0.0002865
202,1912,0.23250037,0.0,0.0002865
203,1913,0.24340394999999998,0.0,0.0002865
204,1914,0.25410000000000005,0.0,0.0002865
205,1915,0.264515927,0.0,0.0002865
206,1916,0.27550565,0.0,0.0002865
207,1917,0.28540538000000004,0.0,0.0002865
208,1918,0.29632035,0.0,0.0002865
209,1919,0.30680586,0.0,0.0002865
210,1920,0.31513236999999994,0.0,0.000285942
211,1921,0.3245806,0.0,0.00024175
212,1922,0.33220362999999997,0.0,0.000170125
213,1923,0.33969484,0.0,9.939531199999999e-05
214,1924,0.34684280999999995,0.0,3.45951e-05
215,1925,0.35401653,0.0,1.4325e-05
216,1926,0.35966113,0.0,2.14875e-05
217,1927,0.34795044999999997,0.0,2.4475e-05
218,1928,0.32740927,0.0,1.77132e-05
219,1929,0.30498143999999994,0.0,1.05507e-05
220,1930,0.2826618,0.0,3.3908e-06
221,1931,0.2611432,0.0,0.0
222,1932,0.2697881,0.0,0.0
223,1933,0.28247499,0.0,0.0
224,1934,0.30106298,0.0,0.0
225,1935,0.32925116,0.0,0.0
226,1936,0.36789864,0.0,0.0
227,1937,0.40096738,0.0,0.0
228,1938,0.42211652,0.0,2.865e-05
229,1939,0.42341045437,0.0,0.0002292
230,1940,0.41301169499999996,0.0,0.0004584
231,1941,0.39800437999999994,0.0,0.0006876
232,1942,0.38346498500000004,0.0,0.00088815
233,1943,0.3770897859999999,0.0,0.0009168
234,1944,0.37886752,0.0,0.0009168
235,1945,0.3848266769,0.0,0.0009168
236,1946,0.3950065219999999,0.0,0.0009168
237,1947,0.4055028639999999,0.0,0.0009168
238,1948,0.4189166374999999,0.0,0.0009168
239,1949,0.43516312,0.0,0.00087657
240,1950,0.451525665,0.0,0.0006664
241,1951,0.47049995640000003,0.0,0.0004372
242,1952,0.4922789205,0.0,0.000208
243,1953,0.51717435,0.0,1.90305e-05
244,1954,0.5474954099999999,0.0,0.0
245,1955,0.5786152099999999,0.0,0.0
246,1956,0.6129314100000001,0.0,0.0
247,1957,0.6497299,0.0,0.0
248,1958,0.68579067,0.0,0.0
249,1959,0.72681144,0.0,0.0
250,1960,0.7673732999999999,0.0,0.0
251,1961,0.8082330799999999,0.0,0.0
252,1962,0.85225642,0.0,0.00225
253,1963,0.8975187099999999,0.0,0.01575
254,1964,0.9433865899999999,0.0,0.018
255,1965,0.9947988620000001,0.0,0.0275009
256,1966,1.04681931,0.0,0.0843313
257,1967,1.09944734,0.0,0.09408720000000001
258,1968,1.1597161500000002,0.00063373,0.10821312
259,1969,1.2206076,0.00443611,0.17180833
260,1970,1.2904862375,0.00524384,0.54663186
261,1971,1.36448893,0.0229173,0.62082784
262,1972,1.43657605,0.12286832,0.7289
263,1973,1.5171139,0.16374742000000003,0.8311921099999999
264,1974,1.6032953925000002,0.30921808,0.90259047
265,1975,1.70354709,0.33418907999999997,0.9386797199999999
266,1976,1.81582889,0.3458997,0.9820752700000001
267,1977,1.92906862,0.3818766,1.0171411000000001
268,1978,2.04625599,0.40460599999999997,1.001238549
269,1979,2.1615261,0.4072008,1.002422522
270,1980,2.27570673,0.40809339999999994,1.021038575
271,1981,2.40028987,0.4133506,1.016092846
272,1982,2.52841394,0.42483119999999996,1.002645834
273,1983,2.66154189,0.429922,0.994179755
274,1984,2.80162657,0.4308202,1.067966817
275,1985,2.9526444599999997,0.4405049,1.073956578
276,1986,3.1065058100000003,0.4438363,1.06383078
277,1987,3.26801402,0.45385328999999996,1.04995341
278,1988,3.45234691,0.4668347,1.11220913
279,1989,3.6342925999999998,0.5151815000000001,1.09390077
280,1990,3.8192055899999997,0.77075205,1.05684535
281,1991,4.01179139,0.8918584,1.0592635000000001
282,1992,4.20790942,0.9113941999999999,1.302488171
283,1993,4.418326179999999,0.9213858,1.3688011749999998
284,1994,4.65129066,0.9859284309999999,1.326928192
285,1995,4.9025758999999995,1.08865672,1.3434359160000002
286,1996,5.173577740000001,1.258613458,1.3868965119999999
287,1997,5.452726060000001,1.31367232,1.398360348
288,1998,5.73153069,1.32872799,1.404496378
289,1999,6.00085509,1.3469537230000002,1.416631087
290,2000,6.256597139999999,1.3582350460000001,1.5381624989999998
291,2001,6.525786220000001,1.3628684590000002,1.572969142
292,2002,6.80814337,1.376314011,1.5484583982
293,2003,7.116919500000001,1.3653208759999997,1.4797778976000002
294,2004,7.42959682,1.333348946,1.4227668685
295,2005,7.741374270000001,1.3578528879999998,1.3725435163
296,2006,8.07145982,1.6691466241000001,1.310961414069
297,2007,8.39384176,1.71145553275,1.2425264676999999
298,2008,8.74379249,1.7903144651000003,1.1703406226000002
299,2009,9.114946210000001,1.8665949373800002,1.1051162813
300,2010,9.46813529,1.9114384226999999,1.0327816024
301,2011,9.398089550000003,1.94357190585,0.9627476238
302,2012,9.273794759999998,2.0217285132700002,0.8971699157999999
303,2013,9.471821269999998,2.507026679,0.8366170058
304,2014,9.84624776,2.622734889,0.8188483305999998
305,2015,10.34226957,2.8580516489999996,0.8362572967999999
306,2016,10.885557859999999,3.5966645642,0.8108015286999999
307,2017,11.426163780000001,3.81392498,0.8221152442100002
308,2018,11.919752179999998,4.044143214999999,1.00369226725
309,2019,12.344267199999999,4.214844006,1.0447119360400001
310,2020,12.73147222,4.45672818175,1.3322567920000001
311,2021,13.12864451,5.1213602714999995,2.16723484701
312,2022,13.582626609999998,5.3639718,2.35885193382
313,2023,14.07039161,5.599581629000001,2.5714790044100004
314,2024,14.58401661,5.658552307,2.6636056755400004
315,2025,15.11328861,5.824137211,2.7738813998699996
316,2026,15.586958610000002,6.503809282,2.7820966458
317,2027,16.04675711,6.698778486,2.7852814138
318,2028,16.54710278,6.9722113729999995,2.7790739498000003
319,2029,17.032350711,7.2870392793,2.6989320264
320,2030,17.488791969999998,7.7165538981,2.6572984828
321,2031,17.943810548,7.978936166699999,2.5932345820999996
322,2032,18.347574643999998,8.0568507259,2.5735178575
323,2033,18.75654748,8.135318528800001,2.7927303198
324,2034,19.21405098,8.2842825806,3.1618306436
325,2035,19.66964865,8.3979871718,3.2504489046900003
326,2036,20.133482830000002,8.447337480700002,3.24291429724
327,2037,20.575174899999997,8.46703621649,3.3288568634200004
328,2038,21.025513959999998,8.498677248889999,3.37678905064
329,2039,21.440257340000002,8.52168743354,3.426780914
330,2040,21.8252791,8.50564845316,3.429870515
331,2041,22.19015134,8.46031170398,3.385381076
332,2042,22.47621487,8.70489043177,3.3345587759999997
333,2043,22.783137390000004,8.737731289229998,3.279382962
334,2044,23.07484313,8.73992000146,3.187697389
335,2045,23.337914819999998,8.966734402550001,3.1117534135
336,2046,23.572046600000007,9.34878794043,3.04609009
337,2047,23.79084899,9.53918081526,3.130835556
338,2048,23.98917877,9.50752910064,3.337002382
339,2049,24.201163980000004,9.509620011139999,3.3571284100000005
340,2050,24.494927630000003,9.520478462540002,3.3030493389
341,2051,24.78844458,9.57502090935,3.2460337742999994
342,2052,25.15074801,9.620605552419997,3.1958750041000004
343,2053,25.581206180000002,9.65028420047,3.1480794498699995
344,2054,25.949033049999997,9.65387944298,3.1061198386999997
345,2055,26.390600899999995,9.657419944400003,3.0494689563899997
346,2056,26.923329700000004,9.645918494950001,3.0065120790500006
347,2057,27.5042762,9.60854076122,2.95480436582
348,2058,28.130149199999998,9.52531836291,2.91247899867
349,2059,28.7584012,9.526232278199998,2.86769527853
350,2060,29.270387500000005,9.72466431005,2.8026798496099996
351,2061,29.659978480000003,9.74616248141,2.71693537707
352,2062,29.948081600000002,9.66201854949,2.62072263237
353,2063,30.147428300000005,9.576049781639998,2.52335165017
354,2064,30.314275600000002,9.517087124709999,2.42638460899
355,2065,30.501435700000002,9.45887357897,2.34143183851
356,2066,30.848273800000005,9.378986958953998,2.28201001016
357,2067,31.250699499999996,9.309811541236,2.23504273574
358,2068,31.7782699,9.212216971034003,2.209844512354
359,2069,32.42267759999999,9.099045673604,2.198713590797
360,2070,33.04940179999999,8.967068390935001,2.192638380044
361,2071,33.697287700000004,8.831399802521,2.19361512769
362,2072,34.384138400000005,8.711140070674,2.1898331619310003
363,2073,34.992811350000004,8.679196473154,2.19039693068
364,2074,35.567023250000005,8.674544859228002,2.1986205697490004
365,2075,36.09878629,8.599456776774002,2.2218033042
366,2076,36.567776910000006,8.666830645043,2.2539809251999996
367,2077,37.12385666002,8.565335683814,2.2948109391
368,2078,37.752825300000005,8.397581019897,2.3452313865
369,2079,38.509964610000004,8.284170641655999,2.4014307975
370,2080,39.3809755,8.165523341641,2.4653813794999997
371,2081,40.26402794,8.023784106778,2.5313529779
372,2082,41.20442462,7.913412270994001,2.6014899031699996
373,2083,42.073743019999995,7.801183105939001,2.6790091277
374,2084,42.810778989999996,7.6929952168749995,2.7682624391000004
375,2085,43.536358025,7.5827568143000015,2.880706525
376,2086,44.117979519,7.468419911700001,3.0157679764000003
377,2087,44.6329127,7.344553650599999,3.1714161616000003
378,2088,45.1671271,7.208083501,3.3473934759999997
379,2089,45.7350991,7.052773899099999,3.5342306529999994
380,2090,46.408039900000006,6.9141164171,3.719699375
381,2091,47.18166345,6.9230298835,3.893467693
382,2092,48.0154346,6.822163303900001,4.0437084180000005
383,2093,48.72486289999999,6.6519841711000005,4.167748538
384,2094,49.306208999999996,6.47924000169,4.26369696
385,2095,49.680807500000014,6.3203182349499984,4.37325922
386,2096,49.8161231,6.187982094730001,4.51832272
387,2097,49.7011738,6.05002587453,4.70459963
388,2098,49.4716083,5.918675133659999,4.9371552
389,2099,49.25877440000001,5.78283224328,5.176273419999999
390,2100,48.9069457,5.66479200315,5.407113046
391,2101,48.674915600000006,5.5358444496,5.630676642
392,2102,48.418993900000004,5.403303190500001,5.849595378
393,2103,47.9922342,5.2811193866999995,6.068132037
394,2104,47.419939,5.156647334770001,6.2836075286
395,2105,46.611431100000004,5.087832705,6.491682249
396,2106,45.641654700000004,4.982507668999999,6.686120418
397,2107,44.5569714,4.855201534000001,6.8860429466
398,2108,43.5154282,4.722498305999999,7.08802214
399,2109,42.4283231,4.597425062,7.28446295129
400,2110,41.40762709999999,4.4726798499,7.48891
401,2111,40.7041751,4.363484444,7.67407
402,2112,40.1729271,4.242778767,7.84452
403,2113,39.756807200000004,4.119489977,8.00344
404,2114,39.5676764,4.009874622,8.14894
405,2115,39.2452144,3.8978066712999997,8.27948
406,2116,38.8210486,3.7791530389999997,8.39997
407,2117,38.45456779999999,3.6561260959999995,8.51626
408,2118,37.8338068,3.5255956680000002,8.62107
409,2119,37.204574300000004,3.4010996282000003,8.72435
410,2120,36.62671220000001,3.281695176,8.81668
411,2121,35.9924534,3.158994846,8.90403
412,2122,35.4205646,3.0484461415,8.97699
413,2123,34.766376380000004,2.93217767,9.03543
414,2124,34.069642200000004,2.8297643,9.0874
415,2125,33.3500208,2.7209982,9.12657
416,2126,32.574546,2.624351966,9.16162
417,2127,31.8369631,2.5177894999999997,9.19347
418,2128,31.0478317,2.423468037,9.2213
419,2129,30.304353199999998,2.3196121219999997,9.23617
420,2130,29.6167112,2.224055842,9.23724
421,2131,28.8555412,2.132354135,9.22304
422,2132,28.1893822,2.034128403,9.19318
423,2133,27.462480199999998,1.94601271,9.15623
424,2134,26.7211698,1.8589238422,9.11472
425,2135,26.0216453,1.778034375,9.06861
426,2136,25.28937347,1.697626285,9.02106
427,2137,24.6364502,1.625126394,8.9733
428,2138,23.9354221,1.555604889,8.93214
429,2139,23.235724599999998,1.4842047699999998,8.89883
430,2140,22.501559399999998,1.414246393,8.85917
431,2141,21.716781369999996,1.34714992,8.81158
432,2142,20.9171287,1.282481497,8.74032
433,2143,20.0820251,1.221260064,8.61937
434,2144,19.1866804,1.162592441,8.46226
435,2145,18.2056099,1.106063829,8.26883
436,2146,17.147936299999998,1.052179819,8.04466
437,2147,16.0115327,1.0012988969999999,7.81553
438,2148,14.95180508,0.9501437070000001,7.55798
439,2149,13.961612,0.9015999929999999,7.18717
440,2150,13.113952,0.856734076,6.65234
441,2151,12.426672000000002,0.812253699,5.96731
442,2152,11.759006999999999,0.7673844591999999,5.1965
443,2153,11.061321999999999,0.7260819338,4.44066
444,2154,10.315082,0.6891643636,3.76675
445,2155,9.549986999999998,0.6539259625,3.17639
446,2156,8.8069378,0.6199662915,2.66837
447,2157,8.282447779999998,0.5874969349,2.25357
448,2158,7.79880852,0.5566259254999999,1.9366
449,2159,7.3299442599999995,0.5273435408,1.71711
450,2160,6.9501842819999995,0.49964775570000003,1.55495
451,2161,6.48948,0.47330443159999996,1.41648
452,2162,6.053929999999999,0.44788991200000006,1.28189
453,2163,5.689875,0.42381938780000006,1.13762
454,2164,5.2904845,0.4013146442,0.98938
455,2165,4.93826,0.379685551,0.844322
456,2166,4.59635,0.35675415637,0.696316
457,2167,4.2512745,0.33547074000000005,0.544218
458,2168,3.8876,0.3168739215,0.384686
459,2169,3.538632,0.29948790700000005,0.225855
460,2170,3.278598,0.2826368427,0.108717
461,2171,2.947323,0.26647683615999995,0.0342208
462,2172,2.705059,0.25126536899999996,0.000367753
463,2173,2.4805319999999997,0.2367349822,0.0
464,2174,2.2792860999999998,0.22318771600000004,0.0
465,2175,2.2102399999999998,0.21051565390000002,0.0
466,2176,2.1383799999999997,0.19860160280000003,0.0
467,2177,2.0726999999999998,0.1874654236,0.0
468,2178,1.95467,0.1768823192,0.0
469,2179,1.83124,0.1661001426,0.0
470,2180,1.70777,0.15510849999999998,0.0
471,2181,1.60399,0.14536725,0.0
472,2182,1.55205,0.13504537,0.0
473,2183,1.4800499999999999,0.12593722000000002,0.0
474,2184,1.4281491000000002,0.11861347,0.0
475,2185,1.34429,0.11135956999999999,0.0
476,2186,1.259,0.10425105,0.0
477,2187,1.19931,0.09781671,0.0
478,2188,1.11951095,0.09156227,0.0
479,2189,1.07155,0.08554775,0.0
480,2190,1.02511,0.07988295000000001,0.0
481,2191,0.953032,0.07454939999999999,0.0
482,2192,0.906787,0.06955714,0.0
483,2193,0.860353,0.06489576,0.0
484,2194,0.788251,0.06055435,0.0
485,2195,0.741974,0.05660987000000001,0.0
486,2196,0.695546,0.05297144,0.0
487,2197,0.623426,0.04814311,0.0
488,2198,0.577123,0.04389713,0.0
489,2199,0.5307,0.04091507,0.0
490,2200,0.458567,0.038283960000000006,0.0
491,2201,0.412243,0.03574941,0.0
492,2202,0.365823,0.03312621,0.0
493,2203,0.293679,0.03063865,0.0
494,2204,0.247339,0.028273864000000003,0.0
495,2205,0.206107,0.02609259,0.0
496,2206,0.164883,0.023927181,0.0
497,2207,0.123656,0.021918556999999998,0.0
498,2208,0.0824187,0.020146485999999998,0.0
499,2209,0.0411815,0.018419395,0.0
500,2210,0.00512685,0.016884915,0.0
501,2211,0.0,0.014932208,0.0
502,2212,0.0,0.013151244,0.0
503,2213,0.0,0.011840015,0.0
504,2214,0.0,0.0107522886,0.0
505,2215,0.0,0.009715419400000001,0.0
506,2216,0.0,0.008767229,0.0
507,2217,0.0,0.0077655518,0.0
508,2218,0.0,0.0068836848,0.0
509,2219,0.0,0.00617903,0.0
510,2220,0.0,0.00543479,0.0
511,2221,0.0,0.00471804,0.0
512,2222,0.0,0.00414017,0.0
513,2223,0.0,0.00367275,0.0
514,2224,0.0,0.00334554,0.0
515,2225,0.0,0.00303203,0.0
516,2226,0.0,0.00268107,0.0
517,2227,0.0,0.00241859,0.0
518,2228,0.0,0.00209165,0.0
519,2229,0.0,0.0018383,0.0
520,2230,0.0,0.0015551,0.0
521,2231,0.0,0.00133853,0.0
522,2232,0.0,0.00109245,0.0
523,2233,0.0,0.000907288,0.0
524,2234,0.0,0.000692993,0.0
525,2235,0.0,0.00057749,0.0
526,2236,0.0,0.000495854,0.0
527,2237,0.0,0.000390841,0.0
528,2238,0.0,0.000343304,0.0
529,2239,0.0,0.000278742,0.0
530,2240,0.0,0.000238133,0.0
531,2241,0.0,0.000180993,0.0
532,2242,0.0,0.000146431,0.0
533,2243,0.0,9.57923e-05,0.0
534,2244,0.0,2.48001e-05,0.0
535,2245,0.0,0.0,0.0
536,2246,0.0,0.0,0.0
537,2247,0.0,0.0,0.0
538,2248,0.0,0.0,0.0
539,2249,0.0,0.0,0.0
540,2250,0.0,0.0,0.0
541,2251,0.0,0.0,0.0
542,2252,0.0,0.0,0.0
543,2253,0.0,0.0,0.0
544,2254,0.0,0.0,0.0
545,2255,0.0,0.0,0.0
546,2256,0.0,0.0,0.0
547,2257,0.0,0.0,0.0
548,2258,0.0,0.0,0.0
549,2259,0.0,0.0,0.0
550,2260,0.0,0.0,0.0
551,2261,0.0,0.0,0.0
552,2262,0.0,0.0,0.0
553,2263,0.0,0.0,0.0
554,2264,0.0,0.0,0.0
555,2265,0.0,0.0,0.0
556,2266,0.0,0.0,0.0
557,2267,0.0,0.0,0.0
558,2268,0.0,0.0,0.0
559,2269,0.0,0.0,0.0
560,2270,0.0,0.0,0.0
561,2271,0.0,0.0,0.0
562,2272,0.0,0.0,0.0
563,2273,0.0,0.0,0.0
564,2274,0.0,0.0,0.0
565,2275,0.0,0.0,0.0
566,2276,0.0,0.0,0.0
567,2277,0.0,0.0,0.0
568,2278,0.0,0.0,0.0
569,2279,0.0,0.0,0.0
570,2280,0.0,0.0,0.0
571,2281,0.0,0.0,0.0
572,2282,0.0,0.0,0.0
573,2283,0.0,0.0,0.0
574,2284,0.0,0.0,0.0
575,2285,0.0,0.0,0.0
576,2286,0.0,0.0,0.0
577,2287,0.0,0.0,0.0
578,2288,0.0,0.0,0.0
579,2289,0.0,0.0,0.0
580,2290,0.0,0.0,0.0
581,2291,0.0,0.0,0.0
582,2292,0.0,0.0,0.0
583,2293,0.0,0.0,0.0
584,2294,0.0,0.0,0.0
585,2295,0.0,0.0,0.0
586,2296,0.0,0.0,0.0
587,2297,0.0,0.0,0.0
588,2298,0.0,0.0,0.0
589,2299,0.0,0.0,0.0
590,2300,0.0,0.0,0.0
591,2301,0.0,0.0,0.0
592,2302,0.0,0.0,0.0
593,2303,0.0,0.0,0.0
594,2304,0.0,0.0,0.0
595,2305,0.0,0.0,0.0
596,2306,0.0,0.0,0.0
597,2307,0.0,0.0,0.0
598,2308,0.0,0.0,0.0
599,2309,0.0,0.0,0.0
600,2310,0.0,0.0,0.0
601,2311,0.0,0.0,0.0
602,2312,0.0,0.0,0.0
603,2313,0.0,0.0,0.0
604,2314,0.0,0.0,0.0
605,2315,0.0,0.0,0.0
606,2316,0.0,0.0,0.0
607,2317,0.0,0.0,0.0
608,2318,0.0,0.0,0.0
609,2319,0.0,0.0,0.0
610,2320,0.0,0.0,0.0
611,2321,0.0,0.0,0.0
612,2322,0.0,0.0,0.0
613,2323,0.0,0.0,0.0
614,2324,0.0,0.0,0.0
615,2325,0.0,0.0,0.0
616,2326,0.0,0.0,0.0
617,2327,0.0,0.0,0.0
618,2328,0.0,0.0,0.0
619,2329,0.0,0.0,0.0
620,2330,0.0,0.0,0.0
621,2331,0.0,0.0,0.0
622,2332,0.0,0.0,0.0
623,2333,0.0,0.0,0.0
624,2334,0.0,0.0,0.0
625,2335,0.0,0.0,0.0
626,2336,0.0,0.0,0.0
627,2337,0.0,0.0,0.0
628,2338,0.0,0.0,0.0
629,2339,0.0,0.0,0.0
630,2340,0.0,0.0,0.0
631,2341,0.0,0.0,0.0
632,2342,0.0,0.0,0.0
633,2343,0.0,0.0,0.0
634,2344,0.0,0.0,0.0
635,2345,0.0,0.0,0.0
636,2346,0.0,0.0,0.0
637,2347,0.0,0.0,0.0
638,2348,0.0,0.0,0.0
639,2349,0.0,0.0,0.0
640,2350,0.0,0.0,0.0
641,2351,0.0,0.0,0.0
642,2352,0.0,0.0,0.0
643,2353,0.0,0.0,0.0
644,2354,0.0,0.0,0.0
645,2355,0.0,0.0,0.0
646,2356,0.0,0.0,0.0
647,2357,0.0,0.0,0.0
648,2358,0.0,0.0,0.0
649,2359,0.0,0.0,0.0
650,2360,0.0,0.0,0.0
651,2361,0.0,0.0,0.0
652,2362,0.0,0.0,0.0
653,2363,0.0,0.0,0.0
654,2364,0.0,0.0,0.0
655,2365,0.0,0.0,0.0
656,2366,0.0,0.0,0.0
657,2367,0.0,0.0,0.0
658,2368,0.0,0.0,0.0
659,2369,0.0,0.0,0.0
660,2370,0.0,0.0,0.0
661,2371,0.0,0.0,0.0
662,2372,0.0,0.0,0.0
663,2373,0.0,0.0,0.0
664,2374,0.0,0.0,0.0
665,2375,0.0,0.0,0.0
666,2376,0.0,0.0,0.0
667,2377,0.0,0.0,0.0
668,2378,0.0,0.0,0.0
669,2379,0.0,0.0,0.0
670,2380,0.0,0.0,0.0
671,2381,0.0,0.0,0.0
672,2382,0.0,0.0,0.0
673,2383,0.0,0.0,0.0
674,2384,0.0,0.0,0.0
675,2385,0.0,0.0,0.0
676,2386,0.0,0.0,0.0
677,2387,0.0,0.0,0.0
678,2388,0.0,0.0,0.0
679,2389,0.0,0.0,0.0
680,2390,0.0,0.0,0.0
681,2391,0.0,0.0,0.0
682,2392,0.0,0.0,0.0
683,2393,0.0,0.0,0.0
684,2394,0.0,0.0,0.0
685,2395,0.0,0.0,0.0
686,2396,0.0,0.0,0.0
687,2397,0.0,0.0,0.0
688,2398,0.0,0.0,0.0
689,2399,0.0,0.0,0.0
690,2400,0.0,0.0,0.0
691,2401,0.0,0.0,0.0
692,2402,0.0,0.0,0.0
693,2403,0.0,0.0,0.0
694,2404,0.0,0.0,0.0
695,2405,0.0,0.0,0.0
