,Year,Coal Prod_x,Gas Prod_x,Oil Prod_x,Coal Prod_y,Gas Prod_y,Oil Prod_y,Coal EROI,Gas EROI,Oil EROI,Total Prod Gross,Total Prod Net,Coal %,Gas %,Oil %,EROI Total
0,1710,3.75E-05,0,0,3.54E-05,0,0,17.56672005,31.13573842,18.73272936,3.75E-05,3.54E-05,1.00,0.00,0.00,17.57
1,1711,0.0003,0,0,0.000282922,0,0,17.56672051,31.13573842,18.73272936,3.00E-04,2.83E-04,1.00,0.00,0.00,17.57
2,1712,0.000637501,0,0,0.000601211,0,0,17.56672421,31.13573842,18.73272936,6.38E-04,6.01E-04,1.00,0.00,0.00,17.57
3,1713,0.0012,0,0,0.001131689,0,0,17.56673207,31.13573842,18.73272936,1.20E-03,1.13E-03,1.00,0.00,0.00,17.57
4,1714,0.0017625,0,0,0.001662168,0,0,17.56674685,31.13573842,18.73272936,1.76E-03,1.66E-03,1.00,0.00,0.00,17.57
5,1715,0.0021,0,0,0.001980456,0,0,17.56676857,31.13573842,18.73272936,2.10E-03,1.98E-03,1.00,0.00,0.00,17.57
6,1716,0.0023625,0,0,0.002228013,0,0,17.56679444,31.13573842,18.73272936,2.36E-03,2.23E-03,1.00,0.00,0.00,17.57
7,1717,0.0024,0,0,0.002263379,0,0,17.56682355,31.13573842,18.73272936,2.40E-03,2.26E-03,1.00,0.00,0.00,17.57
8,1718,0.0024,0,0,0.002263379,0,0,17.56685313,31.13573842,18.73272936,2.40E-03,2.26E-03,1.00,0.00,0.00,17.57
9,1719,0.0024,0,0,0.002263379,0,0,17.5668827,31.13573842,18.73272936,2.40E-03,2.26E-03,1.00,0.00,0.00,17.57
10,1720,0.0024,0,0,0.00226338,0,0,17.56691227,31.13573842,18.73272936,2.40E-03,2.26E-03,1.00,0.00,0.00,17.57
11,1721,0.0024,0,0,0.00226338,0,0,17.56694185,31.13573842,18.73272936,2.40E-03,2.26E-03,1.00,0.00,0.00,17.57
12,1722,0.0024,0,0,0.00226338,0,0,17.56697142,31.13573842,18.73272936,2.40E-03,2.26E-03,1.00,0.00,0.00,17.57
13,1723,0.0024375,0,0,0.002298746,0,0,17.56700099,31.13573842,18.73272936,2.44E-03,2.30E-03,1.00,0.00,0.00,17.57
14,1724,0.00270001,0,0,0.002546312,0,0,17.56703103,31.13573842,18.73272936,2.70E-03,2.55E-03,1.00,0.00,0.00,17.57
15,1725,0.00300001,0,0,0.002829235,0,0,17.5670643,31.13573842,18.73272936,3.00E-03,2.83E-03,1.00,0.00,0.00,17.57
16,1726,0.00330001,0,0,0.003112158,0,0,17.56710127,31.13573842,18.73272936,3.30E-03,3.11E-03,1.00,0.00,0.00,17.57
17,1727,0.00356251,0,0,0.003359716,0,0,17.56714194,31.13573842,18.73272936,3.56E-03,3.36E-03,1.00,0.00,0.00,17.57
18,1728,0.00360001,0,0,0.003395082,0,0,17.56718584,31.13573842,18.73272936,3.60E-03,3.40E-03,1.00,0.00,0.00,17.57
19,1729,0.00360001,0,0,0.003395082,0,0,17.5672302,31.13573842,18.73272936,3.60E-03,3.40E-03,1.00,0.00,0.00,17.57
20,1730,0.00363751,0,0,0.003430448,0,0,17.56727456,31.13573842,18.73272936,3.64E-03,3.43E-03,1.00,0.00,0.00,17.57
21,1731,0.00390001,0,0,0.003678006,0,0,17.56731939,31.13573842,18.73272936,3.90E-03,3.68E-03,1.00,0.00,0.00,17.57
22,1732,0.00420001,0,0,0.00396093,0,0,17.56736745,31.13573842,18.73272936,4.20E-03,3.96E-03,1.00,0.00,0.00,17.57
23,1733,0.00450001,0,0,0.004243853,0,0,17.56741921,31.13573842,18.73272936,4.50E-03,4.24E-03,1.00,0.00,0.00,17.57
24,1734,0.00476252,0,0,0.004491421,0,0,17.56747467,31.13573842,18.73272936,4.76E-03,4.49E-03,1.00,0.00,0.00,17.57
25,1735,0.00483752,0,0,0.004562153,0,0,17.56753337,31.13573842,18.73272936,4.84E-03,4.56E-03,1.00,0.00,0.00,17.57
26,1736,0.00510002,0,0,0.004809712,0,0,17.56759298,31.13573842,18.73272936,5.10E-03,4.81E-03,1.00,0.00,0.00,17.57
27,1737,0.00540002,0,0,0.005092636,0,0,17.56765584,31.13573842,18.73272936,5.40E-03,5.09E-03,1.00,0.00,0.00,17.57
28,1738,0.00570003,0,0,0.00537557,0,0,17.56772239,31.13573842,18.73272936,5.70E-03,5.38E-03,1.00,0.00,0.00,17.57
29,1739,0.00600003,0,0,0.005658494,0,0,17.56779265,31.13573842,18.73272936,6.00E-03,5.66E-03,1.00,0.00,0.00,17.57
30,1740,0.00630003,0,0,0.005941419,0,0,17.5678666,31.13573842,18.73272936,6.30E-03,5.94E-03,1.00,0.00,0.00,17.57
31,1741,0.00660004,0,0,0.006224353,0,0,17.56794425,31.13573842,18.73272936,6.60E-03,6.22E-03,1.00,0.00,0.00,17.57
32,1742,0.00690004,0,0,0.006507279,0,0,17.5680256,31.13573842,18.73272936,6.90E-03,6.51E-03,1.00,0.00,0.00,17.57
33,1743,0.00720004,0,0,0.006790204,0,0,17.56811065,31.13573842,18.73272936,7.20E-03,6.79E-03,1.00,0.00,0.00,17.57
34,1744,0.00750005,0,0,0.007073139,0,0,17.5681994,31.13573842,18.73272936,7.50E-03,7.07E-03,1.00,0.00,0.00,17.57
35,1745,0.00783755,0,0,0.007391431,0,0,17.56829185,31.13573842,18.73272936,7.84E-03,7.39E-03,1.00,0.00,0.00,17.57
36,1746,0.00840006,0,0,0.007921925,0,0,17.56838847,31.13573842,18.73272936,8.40E-03,7.92E-03,1.00,0.00,0.00,17.57
37,1747,0.00896258,0,0,0.008452429,0,0,17.56849202,31.13573842,18.73272936,8.96E-03,8.45E-03,1.00,0.00,0.00,17.57
38,1748,0.00933758,0,0,0.008806088,0,0,17.5686025,31.13573842,18.73272936,9.34E-03,8.81E-03,1.00,0.00,0.00,17.57
39,1749,0.0098626,0,0,0.009301227,0,0,17.56871762,31.13573842,18.73272936,9.86E-03,9.30E-03,1.00,0.00,0.00,17.57
40,1750,0.010293851,0,0,0.009707936,0,0,17.56883921,31.13573842,18.73272936,1.03E-02,9.71E-03,1.00,0.00,0.00,17.57
41,1751,0.011250109,0,0,0.010609769,0,0,17.56896612,31.13573842,18.73272936,1.13E-02,1.06E-02,1.00,0.00,0.00,17.57
42,1752,0.01235637,0,0,0.011653069,0,0,17.56910483,31.13573842,18.73272936,1.24E-02,1.17E-02,1.00,0.00,0.00,17.57
43,1753,0.01380024,0,0,0.013014763,0,0,17.56925718,31.13573842,18.73272936,1.38E-02,1.30E-02,1.00,0.00,0.00,17.57
44,1754,0.01524401,0,0,0.014376366,0,0,17.56942734,31.13573842,18.73272936,1.52E-02,1.44E-02,1.00,0.00,0.00,17.57
45,1755,0.01635027,0,0,0.015419671,0,0,17.56961531,31.13573842,18.73272936,1.64E-02,1.54E-02,1.00,0.00,0.00,17.57
46,1756,0.01734403,0,0,0.016356881,0,0,17.56981694,31.13573842,18.73272936,1.73E-02,1.64E-02,1.00,0.00,0.00,17.57
47,1757,0.01803778,0,0,0.017011158,0,0,17.57003083,31.13573842,18.73272936,1.80E-02,1.70E-02,1.00,0.00,0.00,17.57
48,1758,0.01886288,0,0,0.017789311,0,0,17.57025329,31.13573842,18.73272936,1.89E-02,1.78E-02,1.00,0.00,0.00,17.57
49,1759,0.01953788,0,0,0.018425908,0,0,17.57048594,31.13573842,18.73272936,1.95E-02,1.84E-02,1.00,0.00,0.00,17.57
50,1760,0.02040048,0,0,0.019239431,0,0,17.57072693,31.13573842,18.73272936,2.04E-02,1.92E-02,1.00,0.00,0.00,17.57
51,1761,0.02130048,0,0,0.020088227,0,0,17.57097858,31.13573842,18.73272936,2.13E-02,2.01E-02,1.00,0.00,0.00,17.57
52,1762,0.02220058,0,0,0.020937119,0,0,17.57124134,31.13573842,18.73272936,2.22E-02,2.09E-02,1.00,0.00,0.00,17.57
53,1763,0.02315683,0,0,0.021838968,0,0,17.57151524,31.13573842,18.73272936,2.32E-02,2.18E-02,1.00,0.00,0.00,17.57
54,1764,0.0244507,0,0,0.023059226,0,0,17.57180095,31.13573842,18.73272936,2.45E-02,2.31E-02,1.00,0.00,0.00,17.57
55,1765,0.02580072,0,0,0.024332443,0,0,17.57210265,31.13573842,18.73272936,2.58E-02,2.43E-02,1.00,0.00,0.00,17.57
56,1766,0.02718835,0,0,0.025641133,0,0,17.57242103,31.13573842,18.73272936,2.72E-02,2.56E-02,1.00,0.00,0.00,17.57
57,1767,0.02874472,0,0,0.027108965,0,0,17.57275657,31.13573842,18.73272936,2.87E-02,2.71E-02,1.00,0.00,0.00,17.57
58,1768,0.03000107,0,0,0.028293856,0,0,17.57311134,31.13573842,18.73272936,3.00E-02,2.83E-02,1.00,0.00,0.00,17.57
59,1769,0.03123877,0,0,0.029461162,0,0,17.57348166,31.13573842,18.73272936,3.12E-02,2.95E-02,1.00,0.00,0.00,17.57
60,1770,0.03275762,0,0,0.030893624,0,0,17.5738673,31.13573842,18.73272936,3.28E-02,3.09E-02,1.00,0.00,0.00,17.57
61,1771,0.03465161,0,0,0.032679886,0,0,17.57427173,31.13573842,18.73272936,3.47E-02,3.27E-02,1.00,0.00,0.00,17.57
62,1772,0.03663934,0,0,0.034554562,0,0,17.57469959,31.13573842,18.73272936,3.66E-02,3.46E-02,1.00,0.00,0.00,17.57
63,1773,0.03881458,0,0,0.036606088,0,0,17.57515205,31.13573842,18.73272936,3.88E-02,3.66E-02,1.00,0.00,0.00,17.58
64,1774,0.04078357,0,0,0.038463109,0,0,17.57563143,31.13573842,18.73272936,4.08E-02,3.85E-02,1.00,0.00,0.00,17.58
65,1775,0.04265888,0,0,0.040231789,0,0,17.5761352,31.13573842,18.73272936,4.27E-02,4.02E-02,1.00,0.00,0.00,17.58
66,1776,0.044852981,0,0,0.042301133,0,0,17.5766622,31.13573842,18.73272936,4.49E-02,4.23E-02,1.00,0.00,0.00,17.58
67,1777,0.04714084,0,0,0.044458911,0,0,17.5772164,31.13573842,18.73272936,4.71E-02,4.45E-02,1.00,0.00,0.00,17.58
68,1778,0.049616312,0,0,0.046793643,0,0,17.57779895,31.13573842,18.73272936,4.96E-02,4.68E-02,1.00,0.00,0.00,17.58
69,1779,0.05194178,0,0,0.048986918,0,0,17.57841219,31.13573842,18.73272936,5.19E-02,4.90E-02,1.00,0.00,0.00,17.58
70,1780,0.05445488,0,0,0.051357166,0,0,17.57905428,31.13573842,18.73272936,5.45E-02,5.14E-02,1.00,0.00,0.00,17.58
71,1781,0.05700546,0,0,0.053762778,0,0,17.57972755,31.13573842,18.73272936,5.70E-02,5.38E-02,1.00,0.00,0.00,17.58
72,1782,0.05963105,0,0,0.056239151,0,0,17.5804325,31.13573842,18.73272936,5.96E-02,5.62E-02,1.00,0.00,0.00,17.58
73,1783,0.06270693,0,0,0.05914022,0,0,17.58117005,31.13573842,18.73272936,6.27E-02,5.91E-02,1.00,0.00,0.00,17.58
74,1784,0.06585783,0,0,0.062112065,0,0,17.58194581,31.13573842,18.73272936,6.59E-02,6.21E-02,1.00,0.00,0.00,17.58
75,1785,0.069130715,0,0,0.065198982,0,0,17.58276072,31.13573842,18.73272936,6.91E-02,6.52E-02,1.00,0.00,0.00,17.58
76,1786,0.07309755,0,0,0.06894041,0,0,17.58361633,31.13573842,18.73272936,7.31E-02,6.89E-02,1.00,0.00,0.00,17.58
77,1787,0.076989376,0,0,0.072611129,0,0,17.58452125,31.13573842,18.73272936,7.70E-02,7.26E-02,1.00,0.00,0.00,17.58
78,1788,0.08112509,0,0,0.076511903,0,0,17.58547458,31.13573842,18.73272936,8.11E-02,7.65E-02,1.00,0.00,0.00,17.59
79,1789,0.08584247,0,0,0.080961307,0,0,17.58647939,31.13573842,18.73272936,8.58E-02,8.10E-02,1.00,0.00,0.00,17.59
80,1790,0.09001603,0,0,0.08489786,0,0,17.58754293,31.13573842,18.73272936,9.00E-02,8.49E-02,1.00,0.00,0.00,17.59
81,1791,0.09449004,0,0,0.089117826,0,0,17.5886585,31.13573842,18.73272936,9.45E-02,8.91E-02,1.00,0.00,0.00,17.59
82,1792,0.09887048,0,0,0.093249591,0,0,17.58982988,31.13573842,18.73272936,9.89E-02,9.32E-02,1.00,0.00,0.00,17.59
83,1793,0.10331693,0,0,0.097443665,0,0,17.59105596,31.13573842,18.73272936,1.03E-01,9.74E-02,1.00,0.00,0.00,17.59
84,1794,0.10836358,0,0,0.102203877,0,0,17.59233761,31.13573842,18.73272936,1.08E-01,1.02E-01,1.00,0.00,0.00,17.59
85,1795,0.113813905,0,0,0.107344884,0,0,17.59368235,31.13573842,18.73272936,1.14E-01,1.07E-01,1.00,0.00,0.00,17.59
86,1796,0.119770661,0,0,0.112963613,0,0,17.59509524,31.13573842,18.73272936,1.20E-01,1.13E-01,1.00,0.00,0.00,17.60
87,1797,0.125756057,0,0,0.118609439,0,0,17.59658266,31.13573842,18.73272936,1.26E-01,1.19E-01,1.00,0.00,0.00,17.60
88,1798,0.13271724,0,0,0.125175693,0,0,17.59814505,31.13573842,18.73272936,1.33E-01,1.25E-01,1.00,0.00,0.00,17.60
89,1799,0.13985727,0,0,0.131910741,0,0,17.59979463,31.13573842,18.73272936,1.40E-01,1.32E-01,1.00,0.00,0.00,17.60
90,1800,0.147353356,0,0,0.138981736,0,0,17.60153376,31.13573842,18.73272936,1.47E-01,1.39E-01,1.00,0.00,0.00,17.60
91,1801,0.156604101,0,0,0.147707843,0,0,17.60336698,31.13573842,18.73272936,1.57E-01,1.48E-01,1.00,0.00,0.00,17.60
92,1802,0.1660441,0,0,0.156612625,0,0,17.60531627,31.13573842,18.73272936,1.66E-01,1.57E-01,1.00,0.00,0.00,17.61
93,1803,0.1769007,0,0,0.166853739,0,0,17.60738418,31.13573842,18.73272936,1.77E-01,1.67E-01,1.00,0.00,0.00,17.61
94,1804,0.188640797,0,0,0.177928406,0,0,17.60958856,31.13573842,18.73272936,1.89E-01,1.78E-01,1.00,0.00,0.00,17.61
95,1805,0.199962794,0,0,0.188608975,0,0,17.61194066,31.13573842,18.73272936,2.00E-01,1.89E-01,1.00,0.00,0.00,17.61
96,1806,0.210873973,0,0,0.198902316,0,0,17.61443555,31.13573842,18.73272936,2.11E-01,1.99E-01,1.00,0.00,0.00,17.61
97,1807,0.221130761,0,0,0.208578686,0,0,17.61706838,31.13573842,18.73272936,2.21E-01,2.09E-01,1.00,0.00,0.00,17.62
98,1808,0.23155803,0,0,0.218416132,0,0,17.61983126,31.13573842,18.73272936,2.32E-01,2.18E-01,1.00,0.00,0.00,17.62
99,1809,0.2419182,0,0,0.228190574,0,0,17.62272661,31.13573842,18.73272936,2.42E-01,2.28E-01,1.00,0.00,0.00,17.62
100,1810,0.25337746,0,0,0.239002049,0,0,17.62575388,31.13573842,18.73272936,2.53E-01,2.39E-01,1.00,0.00,0.00,17.63
101,1811,0.26611403,0,0,0.251018725,0,0,17.62892716,31.13573842,18.73272936,2.66E-01,2.51E-01,1.00,0.00,0.00,17.63
102,1812,0.27881483,0,0,0.263002065,0,0,17.63226285,31.13573842,18.73272936,2.79E-01,2.63E-01,1.00,0.00,0.00,17.63
103,1813,0.29266105,0,0,0.276066299,0,0,17.6357609,31.13573842,18.73272936,2.93E-01,2.76E-01,1.00,0.00,0.00,17.64
104,1814,0.308197461,0,0,0.290725392,0,0,17.63943617,31.13573842,18.73272936,3.08E-01,2.91E-01,1.00,0.00,0.00,17.64
105,1815,0.324482308,0,0,0.306091071,0,0,17.64331042,31.13573842,18.73272936,3.24E-01,3.06E-01,1.00,0.00,0.00,17.64
106,1816,0.34308655,0,0,0.323645348,0,0,17.64739367,31.13573842,18.73272936,3.43E-01,3.24E-01,1.00,0.00,0.00,17.65
107,1817,0.362207738,0,0,0.341688048,0,0,17.65171583,31.13573842,18.73272936,3.62E-01,3.42E-01,1.00,0.00,0.00,17.65
108,1818,0.381950805,0,0,0.360318235,0,0,17.65628423,31.13573842,18.73272936,3.82E-01,3.60E-01,1.00,0.00,0.00,17.66
109,1819,0.402740021,0,0,0.379936241,0,0,17.66110761,31.13573842,18.73272936,4.03E-01,3.80E-01,1.00,0.00,0.00,17.66
110,1820,0.423902142,0,0,0.399907048,0,0,17.66620015,31.13573842,18.73272936,4.24E-01,4.00E-01,1.00,0.00,0.00,17.67
111,1821,0.445953834,0,0,0.420718165,0,0,17.67156765,31.13573842,18.73272936,4.46E-01,4.21E-01,1.00,0.00,0.00,17.67
112,1822,0.467889571,0,0,0.441421071,0,0,17.67722252,31.13573842,18.73272936,4.68E-01,4.41E-01,1.00,0.00,0.00,17.68
113,1823,0.48948838,0,0,0.46180734,0,0,17.68316456,31.13573842,18.73272936,4.89E-01,4.62E-01,1.00,0.00,0.00,17.68
114,1824,0.511833045,0,0,0.482898581,0,0,17.68939076,31.13573842,18.73272936,5.12E-01,4.83E-01,1.00,0.00,0.00,17.69
115,1825,0.536282205,0,0,0.505976776,0,0,17.69591201,31.13573842,18.73272936,5.36E-01,5.06E-01,1.00,0.00,0.00,17.70
116,1826,0.562054349,0,0,0.530304811,0,0,17.70275663,31.13573842,18.73272936,5.62E-01,5.30E-01,1.00,0.00,0.00,17.70
117,1827,0.590294413,0,0,0.556963171,0,0,17.70994326,31.13573842,18.73272936,5.90E-01,5.57E-01,1.00,0.00,0.00,17.71
118,1828,0.620100995,0,0,0.585101655,0,0,17.71750537,31.13573842,18.73272936,6.20E-01,5.85E-01,1.00,0.00,0.00,17.72
119,1829,0.651126689,0,0,0.61439272,0,0,17.72546526,31.13573842,18.73272936,6.51E-01,6.14E-01,1.00,0.00,0.00,17.73
120,1830,0.683452203,0,0,0.644912769,0,0,17.73384099,31.13573842,18.73272936,6.83E-01,6.45E-01,1.00,0.00,0.00,17.73
121,1831,0.716692734,0,0,0.676298957,0,0,17.74265195,31.13573842,18.73272936,7.17E-01,6.76E-01,1.00,0.00,0.00,17.74
122,1832,0.751701797,0,0,0.709356963,0,0,17.75191282,31.13573842,18.73272936,7.52E-01,7.09E-01,1.00,0.00,0.00,17.75
123,1833,0.788152397,0,0,0.743778568,0,0,17.76164964,31.13573842,18.73272936,7.88E-01,7.44E-01,1.00,0.00,0.00,17.76
124,1834,0.827348045,0,0,0.780794285,0,0,17.77188456,31.13573842,18.73272936,8.27E-01,7.81E-01,1.00,0.00,0.00,17.77
125,1835,0.869415349,0,0,0.820524154,0,0,17.78265712,31.13573842,18.73272936,8.69E-01,8.21E-01,1.00,0.00,0.00,17.78
126,1836,0.912947786,0,0,0.861641316,0,0,17.79400908,31.13573842,18.73272936,9.13E-01,8.62E-01,1.00,0.00,0.00,17.79
127,1837,0.95940195,0,0,0.905521019,0,0,17.80596446,31.13573842,18.73272936,9.59E-01,9.06E-01,1.00,0.00,0.00,17.81
128,1838,1.007125548,0,0,0.950604417,0,0,17.8185669,31.13573842,18.73272936,1.01E+00,9.51E-01,1.00,0.00,0.00,17.82
129,1839,1.056839294,0,0,0.997572311,0,0,17.83183902,31.13573842,18.73272936,1.06E+00,9.98E-01,1.00,0.00,0.00,17.83
130,1840,1.109385796,0,0,1.047220751,0,0,17.84581353,31.13573842,18.73272936,1.11E+00,1.05E+00,1.00,0.00,0.00,17.85
131,1841,1.16250548,0,0,1.097417537,0,0,17.86053504,31.13573842,18.73272936,1.16E+00,1.10E+00,1.00,0.00,0.00,17.86
132,1842,1.219530746,0,0,1.151309139,0,0,17.87601895,31.13573842,18.73272936,1.22E+00,1.15E+00,1.00,0.00,0.00,17.88
133,1843,1.279123032,0,0,1.207632995,0,0,17.89232583,31.13573842,18.73272936,1.28E+00,1.21E+00,1.00,0.00,0.00,17.89
134,1844,1.341121872,0,0,1.266238603,0,0,17.90949951,31.13573842,18.73272936,1.34E+00,1.27E+00,1.00,0.00,0.00,17.91
135,1845,1.40762474,0,0,1.329107477,0,0,17.92758277,31.13573842,18.73272936,1.41E+00,1.33E+00,1.00,0.00,0.00,17.93
136,1846,1.47592546,0,0,1.393685843,0,0,17.94664796,31.13573842,18.73272936,1.48E+00,1.39E+00,1.00,0.00,0.00,17.95
137,1847,1.546813632,0,0,1.460720423,0,0,17.96673231,31.13573842,18.73272936,1.55E+00,1.46E+00,1.00,0.00,0.00,17.97
138,1848,1.62210257,0,0,1.531925066,0,0,17.98788499,31.13573842,18.73272936,1.62E+00,1.53E+00,1.00,0.00,0.00,17.99
139,1849,1.700345812,0,0,1.605935558,0,0,18.01018168,31.13573842,18.73272936,1.70E+00,1.61E+00,1.00,0.00,0.00,18.01
140,1850,1.784116132,0,0,1.685183683,0,0,18.03368009,31.13573842,18.73272936,1.78E+00,1.69E+00,1.00,0.00,0.00,18.03
141,1851,1.874264341,0,0,1.770475717,0,0,18.05847565,31.13573842,18.73272936,1.87E+00,1.77E+00,1.00,0.00,0.00,18.06
142,1852,1.968579341,0,0,1.859725908,0,0,18.08467855,31.13573842,18.73272936,1.97E+00,1.86E+00,1.00,0.00,0.00,18.08
143,1853,2.067703903,0,0,1.953544145,0,0,18.11237117,31.13573842,18.73272936,2.07E+00,1.95E+00,1.00,0.00,0.00,18.11
144,1854,2.170428107,0,0,2.050790237,0,0,18.14164791,31.13573842,18.73272936,2.17E+00,2.05E+00,1.00,0.00,0.00,18.14
145,1855,2.275284039,0,0,2.150079864,0,0,18.17258922,31.13573842,18.73272936,2.28E+00,2.15E+00,1.00,0.00,0.00,18.17
146,1856,2.38562637,0,0,2.254585853,0,0,18.20525753,31.13573842,18.73272936,2.39E+00,2.25E+00,1.00,0.00,0.00,18.21
147,1857,2.501254192,0,0,2.364122274,0,0,18.23976672,31.13573842,18.73272936,2.50E+00,2.36E+00,1.00,0.00,0.00,18.24
148,1858,2.624662815,0,0,2.481052097,0,0,18.27623215,31.13573842,18.73272936,2.62E+00,2.48E+00,1.00,0.00,0.00,18.28
149,1859,2.75720844,0,0,2.606663153,0,0,18.31481074,31.13573842,18.73272936,2.76E+00,2.61E+00,1.00,0.00,0.00,18.31
150,1860,2.894764681,0,0,2.737060704,0,0,18.35568597,31.13573842,18.73272936,2.89E+00,2.74E+00,1.00,0.00,0.00,18.36
151,1861,3.041821572,0,0,2.876496081,0,0,18.39898708,31.13573842,18.73272936,3.04E+00,2.88E+00,1.00,0.00,0.00,18.40
152,1862,3.195079186,0,0,3.021856444,0,0,18.44491749,31.13573842,18.73272936,3.20E+00,3.02E+00,1.00,0.00,0.00,18.44
153,1863,3.37409589,0,0,3.191649601,0,0,18.49363939,31.13573842,18.73272936,3.37E+00,3.19E+00,1.00,0.00,0.00,18.49
154,1864,3.574077264,0,0,3.381359193,0,0,18.54562597,31.13573842,18.73272936,3.57E+00,3.38E+00,1.00,0.00,0.00,18.55
155,1865,3.779739629,0,0,3.576541998,0,0,18.60129766,31.13573842,18.73272936,3.78E+00,3.58E+00,1.00,0.00,0.00,18.60
156,1866,3.995083972,0,0,3.780994954,0,0,18.66085429,31.13573842,18.73272936,4.00E+00,3.78E+00,1.00,0.00,0.00,18.66
157,1867,4.199411163,0,0,3.975138419,0,0,18.72457211,31.13573842,18.73272936,4.20E+00,3.98E+00,1.00,0.00,0.00,18.72
158,1868,4.398786424,0,0,4.164713889,0,0,18.79240737,31.13573842,18.73272936,4.40E+00,4.16E+00,1.00,0.00,0.00,18.79
159,1869,4.608487295,0,0,4.36419204,0,0,18.86441591,31.13573842,18.73272936,4.61E+00,4.36E+00,1.00,0.00,0.00,18.86
160,1870,4.828641575,0,0,4.57370975,0,0,18.9409132,31.13573842,18.73272936,4.83E+00,4.57E+00,1.00,0.00,0.00,18.94
161,1871,5.061703398,0,0,4.795609371,0,0,19.02223608,31.13573842,18.73272936,5.06E+00,4.80E+00,1.00,0.00,0.00,19.02
162,1872,5.305225361,0,0,5.027592564,0,0,19.10878475,31.13573842,18.73272936,5.31E+00,5.03E+00,1.00,0.00,0.00,19.11
163,1873,5.55999577,0,0,5.270426869,0,0,19.20094234,31.13573842,18.73272936,5.56E+00,5.27E+00,1.00,0.00,0.00,19.20
164,1874,5.82293646,0,0,5.521216329,0,0,19.29913145,31.13573842,18.73272936,5.82E+00,5.52E+00,1.00,0.00,0.00,19.30
165,1875,6.092348504,0,0.012016353,5.778370575,0,0.01137489,19.40374769,31.13573842,18.73272936,6.10E+00,5.79E+00,1.00,0.00,0.00,19.40
166,1876,6.374458111,0,0.084123525,6.047817145,0,0.079633674,19.51518267,31.13573842,18.73637345,6.46E+00,6.13E+00,0.99,0.00,0.01,19.51
167,1877,6.661359945,0,0.100016744,6.322082706,0,0.094685898,19.6339724,31.13573842,18.76188953,6.76E+00,6.42E+00,0.99,0.00,0.01,19.62
168,1878,6.955348845,0,0.122973635,6.603367125,0,0.116429782,19.76053997,31.13573842,18.79223696,7.08E+00,6.72E+00,0.98,0.00,0.02,19.74
169,1879,7.259797613,0,0.126849697,6.894899009,0,0.120112967,19.89538334,31.13573842,18.82956579,7.39E+00,7.02E+00,0.98,0.00,0.02,19.88
170,1880,7.574357589,0,0.127432484,7.19637873,0,0.120678621,20.03910381,31.13573842,18.86808915,7.70E+00,7.32E+00,0.98,0.00,0.02,20.02
171,1881,7.911560805,0,0.13105452,7.519750809,0,0.124122915,20.19234038,31.13573842,18.90680763,8.04E+00,7.64E+00,0.98,0.00,0.02,20.17
172,1882,8.266433954,0,0.13525685,7.860341563,0,0.128118022,20.35604245,31.13573842,18.94664529,8.40E+00,7.99E+00,0.98,0.00,0.02,20.33
173,1883,8.64235982,0.00632595,0.14657079,8.22142051,0.006122777,0.138851573,20.53113031,31.13573842,18.98777995,8.80E+00,8.37E+00,0.98,0.00,0.02,20.51
174,1884,9.038236806,0.0442816,0.14399773,8.602000547,0.0428595,0.136431795,20.71867395,31.13816585,19.03237756,9.23E+00,8.78E+00,0.98,0.00,0.02,20.74
175,1885,9.436529779,0.0527869,0.13907829,8.985448716,0.051092578,0.131787625,20.91980919,31.15516739,19.07621432,9.63E+00,9.17E+00,0.98,0.01,0.01,20.95
176,1886,9.843827584,0.0658631,0.14312069,9.378076072,0.063750441,0.13563474,21.13536369,31.17545621,19.11857389,1.01E+01,9.58E+00,0.98,0.01,0.01,21.17
177,1887,10.26103962,0.0680424,0.13744764,9.780797412,0.06586161,0.130274782,21.36638441,31.20080412,19.16218527,1.05E+01,9.98E+00,0.98,0.01,0.01,21.40
178,1888,10.69604055,0.0680424,0.14082969,10.20117481,0.065863442,0.133496371,21.61402516,31.22702951,19.20408732,1.09E+01,1.04E+01,0.98,0.01,0.01,21.64
179,1889,11.16000424,0.07124485,0.19931718,10.64994296,0.068965255,0.188961448,21.87973234,31.25329431,19.24703974,1.14E+01,1.09E+01,0.98,0.01,0.02,21.89
180,1890,11.64824044,0.090182974,0.21513648,11.12272514,0.087299964,0.203994052,22.16536899,31.28083757,19.30786339,1.20E+01,1.14E+01,0.97,0.01,0.02,22.18
181,1891,12.16697006,0.094997695,0.22703234,11.62556248,0.091964153,0.215313669,22.47284776,31.3157644,19.37355659,1.25E+01,1.19E+01,0.97,0.01,0.02,22.48
182,1892,12.70272217,0.10519742,0.22445182,12.1456935,0.101842122,0.212907683,22.80443156,31.35263106,19.44292839,1.30E+01,1.25E+01,0.97,0.01,0.02,22.82
183,1893,13.25947562,0.103102558,0.23712861,12.6870142,0.099818362,0.224975371,23.16221721,31.39354608,19.51155691,1.36E+01,1.30E+01,0.97,0.01,0.02,23.16
184,1894,13.83822453,0.098128879,0.30871205,13.25057943,0.095007109,0.292948655,23.54860868,31.4337383,19.58410879,1.42E+01,1.36E+01,0.97,0.01,0.02,23.52
185,1895,14.42257591,0.09042912,0.33643512,13.82078932,0.087555807,0.319338652,23.96626346,31.47207632,19.67863253,1.48E+01,1.42E+01,0.97,0.01,0.02,23.91
186,1896,15.01789994,0.084660192,0.44757591,14.40285498,0.081973204,0.42495019,24.41756446,31.50747935,19.78173122,1.56E+01,1.49E+01,0.97,0.01,0.03,24.32
187,1897,15.61975668,0.088739718,0.47026587,14.99258975,0.085926218,0.446656985,24.9052621,31.54068756,19.91902038,1.62E+01,1.55E+01,0.97,0.01,0.03,24.80
188,1898,16.23970068,0.094244461,0.48572909,15.60115142,0.091259734,0.461519405,25.43218161,31.57556222,20.06342066,1.68E+01,1.62E+01,0.97,0.01,0.03,25.31
189,1899,16.88605679,0.090104561,0.49503263,16.23663747,0.087254294,0.470541484,26.00177781,31.61267456,20.21271833,1.75E+01,1.68E+01,0.97,0.01,0.03,25.87
190,1900,17.55267838,0.0948596,0.49388938,16.89325217,0.091862288,0.469637528,26.61810816,31.64822834,20.36501703,1.81E+01,1.75E+01,0.97,0.01,0.03,26.47
191,1901,18.25066828,0.151758951,0.48642534,17.58178677,0.146969447,0.462717041,27.28535315,31.68573418,20.51709129,1.89E+01,1.82E+01,0.97,0.01,0.03,27.15
192,1902,18.96441396,0.159308521,0.50647356,18.28731866,0.154290282,0.481967143,28.00848596,31.74589897,20.66697685,1.96E+01,1.89E+01,0.97,0.01,0.03,27.85
193,1903,19.70014661,0.176035467,0.53592944,19.01592977,0.170501374,0.510192234,28.79225633,31.8092716,20.82313988,2.04E+01,1.97E+01,0.97,0.01,0.03,28.61
194,1904,20.45577858,0.211190926,0.51988066,19.76568484,0.204566275,0.495110848,29.64202871,31.87955463,20.98847818,2.12E+01,2.05E+01,0.97,0.01,0.02,29.45
195,1905,21.2156694,0.233284855,0.51316365,20.52151794,0.225986546,0.488899376,30.5634585,31.96422975,21.14893861,2.20E+01,2.12E+01,0.97,0.01,0.02,30.36
196,1906,21.99055818,0.353632678,0.5922301,21.29381247,0.342601725,0.564435499,31.56181351,32.05821598,21.30737909,2.29E+01,2.22E+01,0.96,0.02,0.03,31.30
197,1907,22.76795153,0.40586387,0.61202679,22.07047046,0.393260027,0.583547545,32.64311025,32.20159756,21.49027477,2.38E+01,2.30E+01,0.96,0.02,0.03,32.35
198,1908,23.55926545,0.501813865,0.6145242,22.86251298,0.486310237,0.586178081,33.81296322,32.36751284,21.67930606,2.47E+01,2.39E+01,0.95,0.02,0.02,33.48
199,1909,24.36000469,0.536433912,0.60472271,23.66554602,0.519966087,0.577070788,35.07768821,32.57466701,21.86910203,2.55E+01,2.48E+01,0.96,0.02,0.02,34.71
200,1910,25.16792006,0.555958235,0.6545687,24.47731771,0.539007561,0.624890899,36.44343263,32.79859142,22.05583565,2.64E+01,2.56E+01,0.95,0.02,0.02,36.01
201,1911,25.98653636,0.607576907,1.06431891,25.3011676,0.589184094,1.016501307,37.91613767,33.03338647,22.2578893,2.77E+01,2.69E+01,0.94,0.02,0.04,37.21
202,1912,26.80286815,0.62327584,1.13985995,26.12434401,0.604555008,1.089392799,39.5017168,33.29316982,22.58617571,2.86E+01,2.78E+01,0.94,0.02,0.04,38.69
203,1913,27.62052821,0.642668022,1.33830892,26.95020579,0.623519998,1.279962437,41.20483981,33.56314994,22.93726791,2.96E+01,2.89E+01,0.93,0.02,0.05,40.21
204,1914,28.23933543,0.676620994,1.65303969,27.58305931,0.656629386,1.58224141,43.02965592,33.84525171,23.3485854,3.06E+01,2.98E+01,0.92,0.02,0.05,41.76
205,1915,28.71150606,0.701524538,1.81995184,28.07298097,0.680979908,1.743659152,44.96535327,34.14637023,23.85486595,3.12E+01,3.05E+01,0.92,0.02,0.06,43.49
206,1916,29.13095554,0.706652242,2.10413183,28.5111706,0.686147613,2.017930072,47.00171628,34.46305872,24.40938413,3.19E+01,3.12E+01,0.91,0.02,0.07,45.24
207,1917,29.51677384,0.701965684,2.21837761,28.91601863,0.681786552,2.129804755,49.13278082,34.78671405,25.04579544,3.24E+01,3.17E+01,0.91,0.02,0.07,47.18
208,1918,29.53938955,0.711397396,2.34344502,28.96415736,0.691137098,2.252296418,51.35211561,35.11287843,25.71015872,3.26E+01,3.19E+01,0.91,0.02,0.07,49.15
209,1919,29.45318272,0.733525816,2.46575825,28.90394783,0.712832918,2.372369904,53.62584006,35.44819181,26.40327568,3.27E+01,3.20E+01,0.90,0.02,0.08,51.16
210,1920,29.58842784,0.747620239,2.595403642,29.05946434,0.726736405,2.499707952,55.93661576,35.79899356,27.12142681,3.29E+01,3.23E+01,0.90,0.02,0.08,53.21
211,1921,29.73424893,0.766280653,3.01864086,29.2241591,0.745090351,2.91030359,58.29218144,36.16185511,27.86336465,3.35E+01,3.29E+01,0.89,0.02,0.09,55.05
212,1922,29.7742821,0.765331948,3.295716521,29.28363105,0.744386549,3.180907814,60.68321339,36.53938183,28.70615485,3.38E+01,3.32E+01,0.88,0.02,0.10,57.02
213,1923,30.30985287,0.759387497,3.753213462,29.82943067,0.738820232,3.62641148,63.09003457,36.92214281,29.59901264,3.48E+01,3.42E+01,0.87,0.02,0.11,58.91
214,1924,31.04524052,0.816381334,4.002295413,30.57156215,0.794498891,3.871407072,65.54076067,37.30759563,30.57793684,3.59E+01,3.52E+01,0.87,0.02,0.11,61.00
215,1925,31.93789894,0.822181424,4.477926409,31.46848769,0.800389261,4.336103329,68.03820516,37.72830664,31.57403149,3.72E+01,3.66E+01,0.86,0.02,0.12,62.98
216,1926,32.77945215,0.810703703,5.023323087,32.31501875,0.789458107,4.86935902,70.57944588,38.15867004,32.62659397,3.86E+01,3.80E+01,0.85,0.02,0.13,64.96
217,1927,33.262705,0.79676507,5.18123087,32.80793954,0.776117928,5.027605697,73.14254966,38.58960609,33.72644452,3.92E+01,3.86E+01,0.85,0.02,0.13,67.24
218,1928,33.53206306,0.818516471,5.214723969,33.08899091,0.797539374,5.06474423,75.68081908,39.01952874,34.7695228,3.96E+01,3.90E+01,0.85,0.02,0.13,69.53
219,1929,33.64128539,1.009983442,5.672405553,33.21087102,0.984393392,5.513629819,78.16022878,39.46781762,35.72589738,4.03E+01,3.97E+01,0.83,0.03,0.14,71.22
220,1930,33.46790459,1.083776158,6.082807182,33.05242792,1.056702239,5.916892209,80.5530295,40.03026656,36.66219567,4.06E+01,4.00E+01,0.82,0.03,0.15,72.90
221,1931,32.84824021,1.080091919,6.415442366,32.45164901,1.053518304,6.244596175,82.82644785,40.64527545,37.55098265,4.03E+01,3.97E+01,0.81,0.03,0.16,74.50
222,1932,32.55720992,1.077416994,6.618547945,32.17392771,1.051310478,6.446043317,84.94318055,41.27004181,38.36736452,4.03E+01,3.97E+01,0.81,0.03,0.16,76.12
223,1933,32.39189026,1.141569329,6.715820692,32.01922915,1.114327537,6.544017691,86.92050032,41.90507448,39.09024088,4.02E+01,3.97E+01,0.80,0.03,0.17,77.66
224,1934,32.65371582,1.199620648,6.796678004,32.28583599,1.171454465,6.625530037,88.76190891,42.59081314,39.71229184,4.07E+01,4.01E+01,0.80,0.03,0.17,79.20
225,1935,33.34204279,1.306539534,7.019335829,32.97356627,1.27638333,6.844901937,90.48620889,43.32572855,40.24066515,4.17E+01,4.11E+01,0.80,0.03,0.17,80.54
226,1936,34.44342734,1.71608578,8.608405659,34.06947644,1.677210013,8.396861423,92.10681803,44.14281449,40.69317048,4.48E+01,4.41E+01,0.77,0.04,0.19,80.38
227,1937,35.55623513,2.055029977,9.33437598,35.17648548,2.009607291,9.107472278,93.63072431,45.24237031,41.13805066,4.69E+01,4.63E+01,0.76,0.04,0.20,81.08
228,1938,37.00729641,2.156594269,9.662100227,36.61792581,2.110313694,9.429318735,95.04388977,46.59826052,41.50716676,4.88E+01,4.82E+01,0.76,0.04,0.20,82.31
229,1939,38.27202955,2.296211906,11.06741725,37.87478759,2.248440464,10.80258206,96.34437732,48.06662348,41.78982897,5.16E+01,5.09E+01,0.74,0.04,0.21,82.50
230,1940,39.21179559,2.433222651,11.91286736,38.80966905,2.384245187,11.62934275,97.51108597,49.68045448,42.01704903,5.36E+01,5.28E+01,0.73,0.05,0.22,82.99
231,1941,39.5333954,2.671992766,12.85990875,39.13214437,2.620055035,12.55498964,98.52534219,51.44608184,42.17482031,5.51E+01,5.43E+01,0.72,0.05,0.23,83.08
232,1942,39.25422332,3.239597437,13.90564465,38.85919691,3.178986152,13.57668635,99.37113521,53.4487506,42.27175385,5.64E+01,5.56E+01,0.70,0.06,0.25,82.66
233,1943,38.82223892,3.464362491,14.58036202,38.43419241,3.402457319,14.23580525,100.0453254,55.96240794,42.31628388,5.69E+01,5.61E+01,0.68,0.06,0.26,82.56
234,1944,38.47302256,3.522225825,15.57564306,38.09043607,3.462270586,15.20757328,100.5603264,58.74759017,42.31709252,5.76E+01,5.68E+01,0.67,0.06,0.27,82.24
235,1945,38.37336498,3.732614346,16.63138147,37.99317657,3.67209168,16.23805234,100.9324955,61.67299941,42.28362525,5.87E+01,5.79E+01,0.65,0.06,0.28,81.83
236,1946,38.54374195,4.523955059,18.50796519,38.16278963,4.454209621,18.06962406,101.1773395,64.86381316,42.22274304,6.16E+01,6.07E+01,0.63,0.07,0.30,80.79
237,1947,38.49975528,5.626283319,19.99939372,38.11972422,5.544546915,19.52475649,101.3068653,68.83448499,42.13616739,6.41E+01,6.32E+01,0.60,0.09,0.31,80.00
238,1948,38.83758938,6.055358982,22.32859493,38.45431171,5.973404382,21.79733504,101.330165,73.88674914,42.02951361,6.72E+01,6.62E+01,0.58,0.09,0.33,79.16
239,1949,39.31926403,6.237313149,23.7831768,38.93095021,6.158753585,23.21558064,101.2564105,79.39597431,41.90158127,6.93E+01,6.83E+01,0.57,0.09,0.34,78.93
240,1950,39.89344229,6.517578879,25.38100679,39.49881786,6.44095614,24.77322482,101.0921755,85.06063587,41.76005184,7.18E+01,7.07E+01,0.56,0.09,0.35,78.66
241,1951,40.55526557,7.739190546,27.31564552,40.1531038,7.654022286,26.65911817,100.8431662,90.86942153,41.60625708,7.56E+01,7.45E+01,0.54,0.10,0.36,78.42
242,1952,41.27884065,8.84287914,28.65306317,40.86816499,8.752171112,27.96162056,100.5144571,97.48728254,41.4395387,7.88E+01,7.76E+01,0.52,0.11,0.36,78.69
243,1953,42.01960452,9.35191867,30.95072422,41.59987371,9.262435635,30.20066605,100.1108407,104.5105214,41.26443184,8.23E+01,8.11E+01,0.51,0.11,0.38,78.49
244,1954,42.74631691,9.77699689,33.81508904,42.31729772,9.689041258,32.99184952,99.63730834,111.1582808,41.07563879,8.63E+01,8.50E+01,0.50,0.11,0.39,78.01
245,1955,43.44439193,10.88539875,36.4059471,43.00599886,10.79248391,35.51517554,99.09917684,117.1545746,40.87012749,9.07E+01,8.93E+01,0.48,0.12,0.40,77.90
246,1956,44.20447547,11.72189896,38.84461268,43.75570808,11.6263419,37.88902365,98.50197656,122.6691004,40.64991473,9.48E+01,9.33E+01,0.47,0.12,0.41,77.78
247,1957,45.09822787,12.31348003,41.00109183,44.63733567,12.21677535,39.98662052,97.84983821,127.3307548,40.4162165,9.84E+01,9.68E+01,0.46,0.13,0.42,77.61
248,1958,46.09027019,14.04754722,43.22075884,45.61582369,13.94030911,42.14483905,97.1453475,130.9939794,40.17098582,1.03E+02,1.02E+02,0.45,0.14,0.42,77.92
249,1959,47.22531974,15.70539377,47.0856709,46.73538545,15.58812932,45.90599532,96.3911295,133.9314137,39.91408443,1.10E+02,1.08E+02,0.43,0.14,0.43,77.58
250,1960,48.42161616,16.79821525,50.16793694,47.91505394,16.67473932,48.90222299,95.58868403,136.0444551,39.63607791,1.15E+02,1.13E+02,0.42,0.15,0.43,77.15
251,1961,49.6377156,18.95341063,53.58567461,49.11378265,18.81542172,52.22362715,94.74058777,137.3545923,39.34200259,1.22E+02,1.20E+02,0.41,0.16,0.44,77.05
252,1962,50.88454451,21.33452744,57.75799081,50.34235446,21.18000957,56.27816649,93.85001516,138.0715911,39.03030244,1.30E+02,1.28E+02,0.39,0.16,0.44,76.75
253,1963,52.13872242,23.21069869,63.64562792,51.5776074,23.04286896,62.00091469,92.91984679,138.2990885,38.69709738,1.39E+02,1.37E+02,0.38,0.17,0.46,75.67
254,1964,53.44117881,25.74818571,67.08034178,52.86000126,25.5618199,65.33041464,91.95327536,138.159383,38.33321998,1.46E+02,1.44E+02,0.37,0.18,0.46,75.50
255,1965,54.77105431,27.80193201,71.82160987,54.16886096,27.60012062,69.92924729,90.9526059,137.7619603,37.95340845,1.54E+02,1.52E+02,0.35,0.18,0.47,74.73
256,1966,56.14521571,29.8946092,77.56171726,55.52082764,29.67671286,75.49620961,89.92038398,137.1964714,37.55092231,1.64E+02,1.61E+02,0.34,0.18,0.47,73.73
257,1967,57.50394677,31.68278119,82.92867066,56.85680754,31.4507059,80.69466472,88.85869398,136.5194091,37.12106101,1.72E+02,1.69E+02,0.33,0.18,0.48,72.70
258,1968,58.91010957,34.488135,89.21765238,58.23892691,34.23411846,86.78445897,87.77060707,135.7712167,36.66689695,1.83E+02,1.79E+02,0.32,0.19,0.49,71.87
259,1969,60.44994265,36.33733848,97.17367563,59.75237245,36.06806433,94.4881696,86.657862,134.9455132,36.18449358,1.94E+02,1.90E+02,0.31,0.19,0.50,70.42
260,1970,62.03580314,39.56596875,102.0244692,61.31041162,39.27086388,99.16393987,85.52044181,134.0742652,35.66628971,2.04E+02,2.00E+02,0.30,0.19,0.50,69.98
261,1971,63.70104172,41.48816969,105.3876928,62.94593112,41.17653152,102.3877757,84.35988243,133.129293,35.13020203,2.11E+02,2.07E+02,0.30,0.20,0.50,69.33
262,1972,65.3612574,43.27200164,109.0230076,64.57544819,42.94454211,105.8706781,83.1770062,132.1445822,34.58490144,2.18E+02,2.13E+02,0.30,0.20,0.50,68.57
263,1973,67.00086984,44.49060919,112.4310372,66.18352807,44.1513099,109.1271277,81.974117,131.1249686,34.02969659,2.24E+02,2.19E+02,0.30,0.20,0.50,67.67
264,1974,68.74370224,45.96844331,115.0607662,67.8924259,45.61507026,111.6226752,80.75368602,130.0847443,33.46646982,2.30E+02,2.25E+02,0.30,0.20,0.50,66.94
265,1975,70.61334972,46.77695827,120.7374605,69.72530841,46.41439848,117.0675976,79.51583887,129.0186053,32.89971968,2.38E+02,2.33E+02,0.30,0.20,0.51,65.60
266,1976,72.6499997,48.17196827,127.4819325,71.72168703,47.79545615,123.5369951,78.26026964,127.9426757,32.315325,2.48E+02,2.43E+02,0.29,0.19,0.51,64.31
267,1977,74.59059904,48.98540339,129.6951843,73.6217138,48.59921728,125.6050856,76.98600006,126.8440341,31.70954846,2.53E+02,2.48E+02,0.29,0.19,0.51,63.44
268,1978,76.414068,51.10878589,132.1797349,75.4045905,50.7023106,127.9302531,75.69665304,125.7365141,31.10490678,2.60E+02,2.54E+02,0.29,0.20,0.51,62.85
269,1979,78.25360898,51.76809544,131.2976578,77.20175705,51.35259212,126.9928933,74.39603122,124.5912927,30.50054342,2.61E+02,2.56E+02,0.30,0.20,0.50,62.28
270,1980,80.04312374,52.74904561,133.6890605,78.9479256,52.32172691,129.2196241,73.08551862,123.4419308,29.91183907,2.66E+02,2.60E+02,0.30,0.20,0.50,61.39
271,1981,81.85260832,54.79692518,131.9448852,80.71208389,54.34880476,127.4453456,71.76751929,122.2816953,29.32408609,2.69E+02,2.63E+02,0.30,0.20,0.49,61.22
272,1982,83.61822666,57.35007416,124.6865845,82.43119593,56.87645091,120.3504631,70.44318601,121.0879628,28.75532623,2.66E+02,2.60E+02,0.31,0.22,0.47,61.81
273,1983,85.35212639,58.83896327,120.2995962,84.11719071,58.34802937,116.0378838,69.11463302,119.8510895,28.22799543,2.64E+02,2.59E+02,0.32,0.22,0.45,61.80
274,1984,87.02948676,60.54664044,118.7309388,85.74555685,60.03610863,114.4490114,67.78367408,118.5952346,27.72838638,2.66E+02,2.60E+02,0.33,0.23,0.45,61.48
275,1985,88.81320321,62.52688975,120.1094674,87.47670977,61.99391441,115.7008039,66.45240452,117.3166675,27.2439631,2.71E+02,2.65E+02,0.33,0.23,0.44,60.82
276,1986,90.5683269,65.07165811,123.9918226,89.17754378,64.51074752,119.3587837,65.12038098,116.0107495,26.76252581,2.80E+02,2.73E+02,0.32,0.23,0.44,59.95
277,1987,92.12839002,67.45259667,127.6740788,90.68412695,66.86434959,122.8148304,63.78920288,114.6671162,26.27444966,2.87E+02,2.80E+02,0.32,0.23,0.44,59.06
278,1988,93.7703759,69.36223038,131.114216,92.26915547,68.74998063,126.0285596,62.46276284,113.2907442,25.78117879,2.94E+02,2.87E+02,0.32,0.24,0.45,58.10
279,1989,95.57416278,71.14238488,135.2901695,94.01098172,70.50657551,129.9394017,61.14081444,111.8926332,25.28425346,3.02E+02,2.94E+02,0.32,0.24,0.45,57.03
280,1990,97.41673397,73.23450104,137.6746841,95.78829288,72.57160477,132.1191502,59.8220806,110.4765622,24.78153968,3.08E+02,3.00E+02,0.32,0.24,0.45,56.21
281,1991,98.8072033,77.17502368,140.1785536,97.11839576,76.46723987,134.4051906,58.50708325,109.0375654,24.28022527,3.16E+02,3.08E+02,0.31,0.24,0.44,55.67
282,1992,99.86340602,81.95684703,144.7310454,98.11762657,81.19475139,138.6448488,57.20276171,107.5414192,23.78021184,3.27E+02,3.18E+02,0.31,0.25,0.44,55.02
283,1993,100.6996409,84.06503235,149.5017908,98.89866666,83.27177923,143.0784472,55.91398263,105.9750408,23.27476141,3.34E+02,3.25E+02,0.30,0.25,0.45,53.91
284,1994,101.577568,85.4571655,151.4185645,99.71866317,84.6385481,144.7668756,54.64376932,104.3920701,22.76392768,3.38E+02,3.29E+02,0.30,0.25,0.45,52.94
285,1995,101.563576,87.28418824,152.711039,99.6613401,86.43517905,145.8500796,53.39168356,102.8071188,22.25797174,3.42E+02,3.32E+02,0.30,0.26,0.45,52.10
286,1996,100.9796371,88.72895043,152.887304,99.0439907,87.8522958,145.860938,52.16843229,101.2131205,21.75908622,3.43E+02,3.33E+02,0.29,0.26,0.45,51.30
287,1997,100.0337041,90.02488813,153.9553201,98.07148887,89.12118772,146.7174574,50.97998444,99.6180671,21.27082606,3.44E+02,3.34E+02,0.29,0.26,0.45,50.41
288,1998,99.38008632,90.75951339,157.1776126,97.38567789,89.83363593,149.617444,49.82935535,98.02540545,20.79022583,3.47E+02,3.37E+02,0.29,0.26,0.45,49.28
289,1999,95.88476039,92.41128635,161.2738707,93.91635731,91.45311551,153.3335565,48.71195409,96.44552165,20.31076697,3.50E+02,3.39E+02,0.27,0.26,0.46,48.23
290,2000,96.68390677,95.45036689,163.9679833,94.65518741,94.44417562,155.6994269,47.6576052,94.86304473,19.83030362,3.56E+02,3.45E+02,0.27,0.27,0.46,47.50
291,2001,99.6229803,99.18421092,164.4121817,97.48595388,98.12063921,155.9169492,46.61757083,93.25578097,19.35346452,3.63E+02,3.52E+02,0.27,0.27,0.45,47.01
292,2002,103.8475046,100.6488503,164.4403552,101.5686306,99.55023754,155.7337477,45.56965476,91.61448818,18.88684608,3.69E+02,3.57E+02,0.28,0.27,0.45,46.24
293,2003,110.7516434,102.1717738,166.8790686,108.2629748,101.0362604,157.8250054,44.50236715,89.97848566,18.43140089,3.80E+02,3.67E+02,0.29,0.27,0.44,45.28
294,2004,119.2725418,103.8717434,170.1652069,116.5237978,102.6960268,160.701294,43.39165155,88.34760728,17.98042824,3.93E+02,3.80E+02,0.30,0.26,0.43,44.27
295,2005,127.9824335,106.44746,170.9093606,124.951575,105.2199739,161.1609013,42.22646272,86.71989255,17.53193562,4.05E+02,3.91E+02,0.32,0.26,0.42,43.50
296,2006,136.8218741,109.912638,171.4306658,133.4856471,108.6208084,161.4012235,41.01096123,85.08292415,17.09274168,4.18E+02,4.04E+02,0.33,0.26,0.41,42.79
297,2007,145.1118701,111.0873653,170.8595791,141.4612734,109.755783,160.6059088,39.75017828,83.42508638,16.66326051,4.27E+02,4.12E+02,0.34,0.26,0.40,41.87
298,2008,153.0168094,115.0636414,169.7210568,149.0377302,113.6566918,159.274079,38.45533136,81.78235028,16.24594787,4.38E+02,4.22E+02,0.35,0.26,0.39,41.23
299,2009,160.2102654,119.9170837,170.2271832,155.8960702,118.4202702,159.4817139,37.13560859,80.11491066,15.84176347,4.50E+02,4.34E+02,0.36,0.27,0.38,40.53
300,2010,168.7217733,119.5450689,170.9052553,164.0091843,118.0205181,159.8409015,35.80235238,78.41330544,15.44647427,4.59E+02,4.42E+02,0.37,0.26,0.37,39.32
301,2011,179.0884171,121.7296003,174.7343432,173.8899114,120.1436079,163.1314371,34.44997994,76.75295319,15.05953257,4.76E+02,4.57E+02,0.38,0.26,0.37,38.15
302,2012,190.1852674,124.4868274,174.0520069,184.434339,122.8291775,162.1907075,33.07035899,75.09838191,14.67394092,4.89E+02,4.69E+02,0.39,0.25,0.36,37.22
303,2013,201.7611498,126.7679366,173.2148905,195.3895492,125.0418693,161.101682,31.66569306,73.4432166,14.29967046,5.02E+02,4.82E+02,0.40,0.25,0.35,36.23
304,2014,213.4807739,129.8064755,172.2696109,206.4213866,127.9984651,159.9087302,30.24069447,71.7952054,13.93667777,5.16E+02,4.94E+02,0.41,0.25,0.33,35.26
305,2015,222.2936565,133.0705064,171.098314,214.5758458,131.173456,158.5034843,28.8026834,70.14600595,13.58480562,5.26E+02,5.04E+02,0.42,0.25,0.32,34.31
306,2016,230.0323648,138.4999446,170.2843853,221.6302564,136.4778898,157.4270279,27.37793361,68.49465362,13.24412007,5.39E+02,5.16E+02,0.43,0.26,0.32,33.48
307,2017,236.3169165,140.6710568,167.2008982,227.220016,138.5657446,154.2531769,25.97774032,66.81719798,12.91353852,5.44E+02,5.20E+02,0.43,0.26,0.31,32.52
308,2018,241.3082561,143.4560025,165.0762982,231.504489,141.2542542,151.9718565,24.61382979,65.15549374,12.59697306,5.50E+02,5.25E+02,0.44,0.26,0.30,31.58
309,2019,244.3902972,144.3532141,164.2117227,233.899182,142.0800585,150.8525351,23.29497807,63.50344567,12.29204402,5.53E+02,5.27E+02,0.44,0.26,0.30,30.52
310,2020,245.7381755,146.865196,162.8564378,234.5841231,144.4919371,149.2805831,22.03129103,61.88334525,11.99603573,5.55E+02,5.28E+02,0.44,0.26,0.29,29.63
311,2021,245.580185,157.4984265,170.9661199,233.7903065,154.8855357,156.3655002,20.82974704,60.27746327,11.7095112,5.74E+02,5.45E+02,0.43,0.27,0.30,28.94
312,2022,243.4506789,160.5191303,170.4836917,231.0892895,157.7799704,155.550045,19.69444304,58.60159202,11.4160791,5.74E+02,5.44E+02,0.42,0.28,0.30,28.11
313,2023,240.3846307,162.7092797,172.0987702,227.4815853,159.8517989,156.6372749,18.63006944,56.94151284,11.13079728,5.75E+02,5.44E+02,0.42,0.28,0.30,27.22
314,2024,235.8861542,163.2186096,170.697817,222.5105527,160.267459,154.9653615,17.63555494,55.30677098,10.85004294,5.70E+02,5.38E+02,0.41,0.29,0.30,26.39
315,2025,230.1827134,164.7095419,169.6091145,216.4086189,161.6431282,153.5758399,16.71127732,53.71406309,10.57856982,5.65E+02,5.32E+02,0.41,0.29,0.30,25.67
316,2026,223.7761652,168.5303034,168.9418918,209.6631966,165.2988625,152.5645011,15.85606619,52.15329908,10.31555604,5.61E+02,5.28E+02,0.40,0.30,0.30,25.09
317,2027,216.7603053,169.6789498,167.8340997,202.3735279,166.325827,151.1509188,15.06663365,50.60326062,10.06007789,5.54E+02,5.20E+02,0.39,0.31,0.30,24.43
318,2028,209.6776086,171.536279,166.5301194,195.0551742,168.0418995,149.558967,14.339446,49.08919491,9.812540455,5.48E+02,5.13E+02,0.38,0.31,0.30,23.85
319,2029,202.8537022,173.6231622,165.3333206,188.0137524,169.9759692,148.0624295,13.66943322,47.60459882,9.572946727,5.42E+02,5.06E+02,0.37,0.32,0.31,23.29
320,2030,196.5577673,176.8148052,165.0737247,181.4970649,172.983304,147.4015103,13.05103586,46.14765676,9.340862492,5.38E+02,5.02E+02,0.37,0.33,0.31,22.78
321,2031,191.0024094,181.7696618,164.7667672,175.6959277,177.7041133,146.6898417,12.47853123,44.70975054,9.114756082,5.38E+02,5.00E+02,0.36,0.34,0.31,22.35
322,2032,186.0149147,184.4834719,163.9195376,170.4439615,180.2207415,145.4902814,11.94627665,43.2782407,8.894528115,5.34E+02,4.96E+02,0.35,0.35,0.31,21.83
323,2033,181.4559886,184.8459388,163.1919716,165.6079576,180.431414,144.3925972,11.44974971,41.8722164,8.680712889,5.29E+02,4.90E+02,0.34,0.35,0.31,21.22
324,2034,176.876471,185.0531524,162.886843,160.7752506,180.4849812,143.6625123,10.98528349,40.50924225,8.472952603,5.25E+02,4.85E+02,0.34,0.35,0.31,20.62
325,2035,172.6392185,186.0800381,162.9124072,156.2763656,181.3317878,143.2144891,10.55067965,39.18918019,8.270539355,5.22E+02,4.81E+02,0.33,0.36,0.31,20.05
326,2036,169.0710725,187.1936282,162.0382527,152.4024491,182.2551554,141.9664532,10.14307351,37.90516545,8.072930991,5.18E+02,4.77E+02,0.33,0.36,0.31,19.52
327,2037,165.5173279,188.6136223,161.2540081,148.5571226,183.4681052,140.7930712,9.759158252,36.6559123,7.881066686,5.15E+02,4.73E+02,0.32,0.37,0.31,19.01
328,2038,162.7529515,189.0463991,161.2331927,145.4340038,183.7119553,140.27928,9.397392616,35.43882091,7.694658023,5.13E+02,4.69E+02,0.32,0.37,0.31,18.46
329,2039,159.5901104,188.7643425,160.8667391,141.9650909,183.2545009,139.454047,9.054748035,34.25948629,7.512681645,5.09E+02,4.65E+02,0.31,0.37,0.32,17.91
330,2040,156.1211262,188.6529798,160.6626827,138.2396723,182.9571198,138.7603314,8.730896659,33.12107006,7.33540797,5.05E+02,4.60E+02,0.31,0.37,0.32,17.39
331,2041,152.9124498,189.4954929,160.5221194,134.763241,183.5776647,138.1107616,8.425295635,32.02112091,7.162534303,5.03E+02,4.56E+02,0.30,0.38,0.32,16.91
332,2042,149.3751849,190.1489977,159.2573828,131.0161865,184.0058516,136.486422,8.136347196,30.95303194,6.993880683,4.99E+02,4.52E+02,0.30,0.38,0.32,16.47
333,2043,146.111475,191.0758798,158.8309387,127.5308663,184.6890284,135.5776788,7.863653829,29.91706956,6.830480526,4.96E+02,4.48E+02,0.29,0.39,0.32,16.03
334,2044,143.0788884,191.0058515,158.3242761,124.2669833,184.399163,134.5922005,7.605762828,28.91098185,6.671320234,4.92E+02,4.43E+02,0.29,0.39,0.32,15.57
335,2045,140.3730618,190.1506088,156.6619711,121.3043203,183.3447075,132.6206348,7.361422434,27.93907836,6.516358691,4.87E+02,4.37E+02,0.29,0.39,0.32,15.12
336,2046,137.6578086,189.3267417,154.9669112,118.3491562,182.3156741,130.6261791,7.129332762,27.00398174,6.366567395,4.82E+02,4.31E+02,0.29,0.39,0.32,14.69
337,2047,135.1479284,188.8473525,153.5106009,115.5863343,181.6129393,128.8375193,6.908840228,26.10403191,6.221784668,4.78E+02,4.26E+02,0.28,0.40,0.32,14.28
338,2048,132.8583554,189.2036346,153.1888089,113.025799,181.7063357,127.9999472,6.699003054,25.23624008,6.081609028,4.75E+02,4.23E+02,0.28,0.40,0.32,13.88
339,2049,128.9707863,189.1010476,153.6574912,109.1258724,181.3496516,127.8104416,6.498934045,24.39574065,5.944875485,4.72E+02,4.18E+02,0.27,0.40,0.33,13.49
340,2050,124.1561199,188.5996965,153.0039325,104.4813919,180.6026495,126.6730279,6.310436393,23.58366741,5.810811852,4.66E+02,4.12E+02,0.27,0.40,0.33,13.14
341,2051,119.7945271,188.2410616,151.9307911,100.2653869,179.9851182,125.1839313,6.134142429,22.80067244,5.68032256,4.60E+02,4.05E+02,0.26,0.41,0.33,12.81
342,2052,115.5440756,188.0742433,151.2633442,96.18578197,179.542899,124.0265912,5.96871181,22.04508884,5.553648197,4.55E+02,4.00E+02,0.25,0.41,0.33,12.48
343,2053,112.8760585,188.0569736,151.838141,93.459458,179.2342958,123.8770497,5.813379054,21.31518084,5.430336741,4.53E+02,3.97E+02,0.25,0.42,0.34,12.12
344,2054,111.4218949,188.1890198,152.224088,91.7552883,179.057843,123.5529271,5.665537377,20.60950364,5.309310221,4.52E+02,3.94E+02,0.25,0.42,0.34,11.77
345,2055,110.8608345,187.1731361,152.1899163,90.78930634,177.7800622,122.8700951,5.523288186,19.92671808,5.190683645,4.50E+02,3.91E+02,0.25,0.42,0.34,11.40
346,2056,111.8664321,186.1551835,152.7728739,91.09387889,176.4948498,122.6682625,5.385300068,19.2700573,5.074733299,4.51E+02,3.90E+02,0.25,0.41,0.34,11.01
347,2057,114.0623666,185.2150413,153.164343,92.33435742,175.2777763,122.2903097,5.24955442,18.63843234,4.960943755,4.52E+02,3.90E+02,0.25,0.41,0.34,10.63
348,2058,117.1198585,184.156865,153.873839,94.22103295,173.9432599,122.143505,5.114666615,18.03054497,4.849423874,4.55E+02,3.90E+02,0.26,0.40,0.34,10.25
349,2059,119.8116288,182.5366101,154.6850001,95.75195187,172.0735341,122.0504258,4.979768811,17.44578834,4.739911683,4.57E+02,3.90E+02,0.26,0.40,0.34,9.88
350,2060,121.4748539,180.8127817,154.6387717,96.40498029,170.1042282,121.2561584,4.845451382,16.88489327,4.632314738,4.57E+02,3.88E+02,0.27,0.40,0.34,9.54
351,2061,122.3154649,178.6700138,154.2984058,96.36250368,167.7402292,120.2158158,4.712967575,16.34707552,4.527191332,4.55E+02,3.84E+02,0.27,0.39,0.34,9.22
352,2062,122.4876144,176.5002656,153.9488763,95.76242269,165.352266,119.1556308,4.583226787,15.8324607,4.424677093,4.53E+02,3.80E+02,0.27,0.39,0.34,8.91
353,2063,121.9623069,174.3287925,152.9487446,94.59737012,162.9644673,117.58249,4.456882462,15.3400038,4.324708581,4.49E+02,3.75E+02,0.27,0.39,0.34,8.64
354,2064,121.4404192,172.111559,151.6262371,93.42351283,160.5360875,115.7606646,4.334540642,14.8686435,4.227626292,4.45E+02,3.70E+02,0.27,0.39,0.34,8.37
355,2065,120.9336057,170.1637704,150.1607819,92.24956714,158.3611761,113.8333305,4.216059233,14.41748872,4.133534735,4.41E+02,3.64E+02,0.27,0.39,0.34,8.12
356,2066,121.3038798,167.4169875,149.6646709,91.72687915,155.4457185,112.6411065,4.101290767,13.98489897,4.042416587,4.38E+02,3.60E+02,0.28,0.38,0.34,7.86
357,2067,122.8753653,164.5883951,149.8675546,92.07420307,152.4613051,111.9609317,3.989309376,13.57196121,3.953598162,4.37E+02,3.56E+02,0.28,0.38,0.34,7.58
358,2068,124.7628665,161.3577821,150.209658,92.59915007,149.1131961,111.3618113,3.878994107,13.17788793,3.866614771,4.36E+02,3.53E+02,0.29,0.37,0.34,7.31
359,2069,127.2857655,157.8710932,149.9387722,93.52390324,145.539976,110.2866241,3.770104995,12.80265939,3.781353075,4.35E+02,3.49E+02,0.29,0.36,0.34,7.05
360,2070,129.4609373,155.7478624,149.8498357,94.10999213,143.2338543,109.3292931,3.662163396,12.44588156,3.698120165,4.35E+02,3.47E+02,0.30,0.36,0.34,6.82
361,2071,130.2098514,153.3947658,150.4290899,93.58824064,140.7213314,108.8369479,3.555546812,12.10364614,3.616767076,4.34E+02,3.43E+02,0.30,0.35,0.35,6.60
362,2072,130.5249467,151.097597,150.2006796,92.70745961,138.2663805,107.7339146,3.451444204,11.77578117,3.536899496,4.32E+02,3.39E+02,0.30,0.35,0.35,6.39
363,2073,129.6452297,148.1568731,149.6598035,90.94687873,135.2304025,106.3919304,3.35014869,11.46151008,3.458912875,4.27E+02,3.33E+02,0.30,0.35,0.35,6.20
364,2074,128.4863424,145.6601621,149.6778041,88.9822157,132.6099313,105.4326199,3.252478995,11.16150086,3.382917414,4.24E+02,3.27E+02,0.30,0.34,0.35,6.02
365,2075,127.5452567,142.6995106,149.6194216,87.1635628,129.5767559,104.3978175,3.158491987,10.87420393,3.308582802,4.20E+02,3.21E+02,0.30,0.34,0.36,5.83
366,2076,126.6701855,140.4154178,148.9818782,85.38102302,127.1685789,102.9416931,3.067879749,10.59991887,3.235909626,4.16E+02,3.15E+02,0.30,0.34,0.36,5.67
367,2077,126.2614853,137.9524149,148.8534253,83.89842979,124.6066303,101.8242924,2.980462192,10.33677821,3.16513225,4.13E+02,3.10E+02,0.31,0.33,0.36,5.50
368,2078,125.7735783,135.483913,148.8332165,82.34056033,122.0492005,100.7598818,2.895805637,10.08461573,3.095961983,4.10E+02,3.05E+02,0.31,0.33,0.36,5.34
369,2079,125.1429203,132.8289409,149.4584654,80.66927519,119.3341154,100.1047516,2.813866956,9.842953583,3.028312436,4.07E+02,3.00E+02,0.31,0.33,0.37,5.18
370,2080,124.3228122,131.0095717,150.3273952,78.86059539,117.3792821,99.57311189,2.734640343,9.611649933,2.961866179,4.06E+02,2.96E+02,0.31,0.32,0.37,5.04
371,2081,123.2334449,129.1445,150.6912935,76.87269718,115.389392,98.66606532,2.658141874,9.388839377,2.896504231,4.03E+02,2.91E+02,0.31,0.32,0.37,4.90
372,2082,122.0554134,128.1877762,150.9948785,74.82812865,114.2152244,97.68560365,2.584425804,9.174256612,2.832431673,4.01E+02,2.87E+02,0.30,0.32,0.38,4.78
373,2083,121.175492,126.2925035,152.0226042,72.96427962,112.2069691,97.13389441,2.513429679,8.966113731,2.769651625,3.99E+02,2.82E+02,0.30,0.32,0.38,4.65
374,2084,120.1289593,124.2284419,152.1192643,70.99394424,110.0562809,95.94212467,2.444874784,8.765666862,2.707849943,3.96E+02,2.77E+02,0.30,0.31,0.38,4.53
375,2085,118.80813,121.672608,151.6531513,68.86267992,107.4798546,94.36911274,2.37875782,8.572868471,2.64738931,3.92E+02,2.71E+02,0.30,0.31,0.39,4.40
376,2086,117.5425209,119.730626,151.276397,66.77099079,105.4568402,92.83372078,2.31512662,8.388147852,2.588457729,3.89E+02,2.65E+02,0.30,0.31,0.39,4.29
377,2087,116.2874262,119.2296816,150.3186611,64.69237459,104.7076492,90.92716478,2.253848433,8.210261369,2.530979524,3.86E+02,2.60E+02,0.30,0.31,0.39,4.20
378,2088,115.3340826,118.2896859,148.7102415,62.78579079,103.5713049,88.62843951,2.194820776,8.036868037,2.475129517,3.82E+02,2.55E+02,0.30,0.31,0.39,4.11
379,2089,115.0771235,117.3226045,147.2760636,61.24753116,102.4121144,86.44558271,2.137804106,7.868460643,2.421089912,3.80E+02,2.50E+02,0.30,0.31,0.39,4.02
380,2090,114.6632037,115.3152098,145.5215876,59.59995227,100.3487637,84.08726711,2.082390719,7.704915981,2.36873439,3.76E+02,2.44E+02,0.31,0.31,0.39,3.92
381,2091,113.5185053,114.1651438,143.9922466,57.55961322,99.03888889,81.87614549,2.028605305,7.547482474,2.318114691,3.72E+02,2.38E+02,0.31,0.31,0.39,3.84
382,2092,111.5106482,113.6801968,142.507816,55.09884386,98.30718078,79.70391538,1.97672543,7.39478816,2.269091801,3.68E+02,2.33E+02,0.30,0.31,0.39,3.77
383,2093,107.9831941,113.064303,140.5718033,51.94785274,97.46021312,77.29663564,1.927055166,7.245812072,2.221595115,3.62E+02,2.27E+02,0.30,0.31,0.39,3.70
384,2094,103.9412052,112.6069858,138.516934,48.65762196,96.74823215,74.85199858,1.880145951,7.100620151,2.175717812,3.55E+02,2.20E+02,0.29,0.32,0.39,3.65
385,2095,99.897016,111.5645522,137.1004531,45.48899611,95.53264553,72.77746743,1.836071524,6.958907309,2.131437956,3.49E+02,2.14E+02,0.29,0.32,0.39,3.59
386,2096,95.69282659,110.6563777,135.3961552,42.37273055,94.43418418,70.566727,1.794685938,6.82129564,2.088498371,3.42E+02,2.07E+02,0.28,0.32,0.40,3.54
387,2097,92.59293051,109.9711836,133.4930599,39.86098278,93.52687592,68.27719933,1.755917134,6.687492443,2.04694163,3.36E+02,2.02E+02,0.28,0.33,0.40,3.49
388,2098,89.72154859,109.9827174,132.0867995,37.53363357,93.20969084,66.26648506,1.71920163,6.557118162,2.006778616,3.32E+02,1.97E+02,0.27,0.33,0.40,3.44
389,2099,86.64810401,110.2789484,130.6850395,35.20527315,93.12631531,64.27377575,1.684357228,6.429272285,1.967814375,3.28E+02,1.93E+02,0.26,0.34,0.40,3.39
390,2100,83.97746856,110.6698176,128.9659967,33.12447022,93.1131697,62.14452177,1.651376935,6.303584744,1.930008233,3.24E+02,1.88E+02,0.26,0.34,0.40,3.35
391,2101,81.39789183,110.3322276,127.3718243,31.15319423,92.47889052,60.10075174,1.62002949,6.17992184,1.893411528,3.19E+02,1.84E+02,0.26,0.35,0.40,3.31
392,2102,79.01350588,110.4808263,125.4342757,29.32613293,92.24681179,57.92202579,1.59021299,6.059051123,1.857948386,3.15E+02,1.79E+02,0.25,0.35,0.40,3.26
393,2103,76.514349,111.153159,123.3079618,27.52305734,92.44172329,55.69282409,1.561794891,5.940386434,1.823673899,3.11E+02,1.76E+02,0.25,0.36,0.40,3.23
394,2104,74.02789646,111.2566184,120.8649569,25.79370421,92.15134081,53.36513871,1.534759742,5.823344786,1.790596777,3.06E+02,1.71E+02,0.24,0.36,0.39,3.19
395,2105,70.82030427,111.6003445,117.8231048,23.88987273,92.05050177,50.83085649,1.509048648,5.70850344,1.758757286,3.00E+02,1.67E+02,0.24,0.37,0.39,3.17
396,2106,67.04469445,111.9874286,114.5667473,21.89233828,91.97388608,48.27667979,1.484854837,5.595582522,1.728264152,2.94E+02,1.62E+02,0.23,0.38,0.39,3.15
397,2107,63.1014884,112.7185968,111.4330425,19.94951768,92.16644367,45.85027727,1.46230838,5.484515232,1.69912083,2.87E+02,1.58E+02,0.22,0.39,0.39,3.13
398,2108,59.391416,113.2781221,108.1279811,18.18745994,92.20292234,43.42896668,1.441400819,5.374948909,1.671246187,2.81E+02,1.54E+02,0.21,0.40,0.39,3.12
399,2109,56.2161638,113.7682114,104.8347416,16.68287655,92.16819902,41.09129163,1.421995683,5.267043809,1.644635514,2.75E+02,1.50E+02,0.20,0.41,0.38,3.10
400,2110,53.3962183,114.2450298,101.5273165,15.3611677,92.10817587,38.82671596,1.403868733,5.160852135,1.619239937,2.69E+02,1.46E+02,0.20,0.42,0.38,3.08
401,2111,51.5884768,115.8184614,98.14266252,14.39057142,92.91300438,36.61196132,1.386865101,5.056369802,1.595019407,2.66E+02,1.44E+02,0.19,0.44,0.37,3.06
402,2112,49.9876463,116.8232848,94.77391416,13.51715792,93.23504652,34.48327609,1.370632764,4.952607454,1.571950757,2.62E+02,1.41E+02,0.19,0.45,0.36,3.04
403,2113,48.5351172,117.8492423,91.24822932,12.71809961,93.55093977,32.37804884,1.355085389,4.85010186,1.54999065,2.58E+02,1.39E+02,0.19,0.46,0.35,3.02
404,2114,47.4640073,119.1514281,87.55343136,12.04729683,94.0608188,30.29668586,1.340158549,4.748845537,1.529137407,2.54E+02,1.36E+02,0.19,0.47,0.34,3.00
405,2115,46.3350851,120.2801544,83.69242862,11.38420597,94.40577185,28.24466573,1.325720161,4.648619317,1.509392341,2.50E+02,1.34E+02,0.19,0.48,0.33,2.98
406,2116,45.1752463,121.5239037,79.77720644,10.7369945,94.81294045,26.26262374,1.311775248,4.549588971,1.490756396,2.46E+02,1.32E+02,0.18,0.49,0.32,2.97
407,2117,44.2582128,122.5628751,76.06858096,10.16939706,95.03103116,24.43387735,1.298320632,4.451676947,1.473206499,2.43E+02,1.30E+02,0.18,0.50,0.31,2.94
408,2118,43.0543911,124.0980606,72.52808635,9.556144465,95.60292974,22.73757792,1.285272975,4.355061961,1.456664907,2.40E+02,1.28E+02,0.18,0.52,0.30,2.93
409,2119,41.6444003,125.1163471,69.11650029,8.923254375,95.74198925,21.1544431,1.272706048,4.259373011,1.441066216,2.36E+02,1.26E+02,0.18,0.53,0.29,2.91
410,2120,40.31289979,126.3107565,65.7651676,8.335477645,95.98424208,19.65807071,1.260667592,4.165027173,1.426356722,2.32E+02,1.24E+02,0.17,0.54,0.28,2.89
411,2121,38.93469164,127.1872655,62.31244556,7.765057823,95.95190717,18.19743639,1.249122523,4.07190032,1.412499889,2.28E+02,1.22E+02,0.17,0.56,0.27,2.87
412,2122,37.82626948,128.5393912,59.02390709,7.273722298,96.24493688,16.84875344,1.238072533,3.980231091,1.399494773,2.25E+02,1.20E+02,0.17,0.57,0.26,2.84
413,2123,36.94073988,129.661976,56.17132782,6.844752794,96.32713974,15.68125606,1.227430746,3.889683902,1.387286448,2.23E+02,1.19E+02,0.17,0.58,0.25,2.82
414,2124,35.937101,130.6917454,53.76367907,6.410914026,96.3030969,14.68462219,1.217126378,3.800432731,1.375767057,2.20E+02,1.17E+02,0.16,0.59,0.24,2.79
415,2125,34.9369278,131.918834,51.83603125,5.996104155,96.38557197,13.856215,1.207184986,3.71254499,1.364831017,2.19E+02,1.16E+02,0.16,0.60,0.24,2.76
416,2126,33.9005828,132.8446853,50.163912,5.593438596,96.20690196,13.12533742,1.197598124,3.625893086,1.354369399,2.17E+02,1.15E+02,0.16,0.61,0.23,2.72
417,2127,32.9472467,133.4314324,48.52981044,5.222472138,95.74614165,12.42995892,1.188368426,3.540676739,1.344321608,2.15E+02,1.13E+02,0.15,0.62,0.23,2.68
418,2128,32.0853172,134.031814,46.89453397,4.882070054,95.26180037,11.75891154,1.179466445,3.457099997,1.334672071,2.13E+02,1.12E+02,0.15,0.63,0.22,2.65
419,2129,31.28365339,134.7771141,45.03666438,4.565160266,94.84473119,11.05733304,1.170861442,3.375133269,1.325413497,2.11E+02,1.10E+02,0.15,0.64,0.21,2.61
420,2130,30.5614219,135.153271,43.06029734,4.272747837,94.13148183,10.35417575,1.162531888,3.294670313,1.316582195,2.09E+02,1.09E+02,0.15,0.65,0.21,2.57
421,2131,29.76494095,135.4059212,40.87458184,3.9821933,93.30089876,9.629523151,1.154451859,3.215909014,1.308193473,2.06E+02,1.07E+02,0.14,0.66,0.20,2.54
422,2132,29.0470137,135.5724506,38.69234556,3.714646924,92.38122315,8.935412283,1.146636394,3.138888579,1.300280012,2.03E+02,1.05E+02,0.14,0.67,0.19,2.50
423,2133,28.28206303,135.6389419,36.64035721,3.452772368,91.36488749,8.299223441,1.139060451,3.063621431,1.292833149,2.01E+02,1.03E+02,0.14,0.68,0.18,2.47
424,2134,27.50160206,135.6970969,34.40432816,3.201150022,90.31532714,7.647617463,1.131732118,2.990123514,1.285820539,1.98E+02,1.01E+02,0.14,0.69,0.17,2.43
425,2135,26.74667172,135.5404139,32.11975319,2.964479553,89.09635454,7.011886752,1.124651232,2.918358468,1.279270513,1.94E+02,9.91E+01,0.14,0.70,0.17,2.40
426,2136,25.97209197,136.0399848,29.67800035,2.737233955,88.27977251,6.367964934,1.117807217,2.84839573,1.273185554,1.92E+02,9.74E+01,0.14,0.71,0.15,2.37
427,2137,25.2755662,139.6092818,27.36199421,2.529402164,89.38761544,5.776136119,1.111201263,2.779861598,1.267588905,1.92E+02,9.77E+01,0.13,0.73,0.14,2.35
428,2138,24.5161826,139.8551419,25.54066755,2.325775541,88.27174596,5.309647495,1.104809954,2.711243403,1.262450805,1.90E+02,9.59E+01,0.13,0.74,0.13,2.31
429,2139,23.77283718,139.266054,24.22944545,2.134528085,86.5976033,4.964155059,1.09864579,2.644202593,1.257673513,1.87E+02,9.37E+01,0.13,0.74,0.13,2.27
430,2140,22.9985704,138.6803686,23.48224143,1.951126892,84.90935289,4.743791983,1.092701372,2.579091482,1.253158192,1.85E+02,9.16E+01,0.12,0.75,0.13,2.23
431,2141,22.17329737,138.5634553,23.05047237,1.774326394,83.48720055,4.592339028,1.086981172,2.515847454,1.248797587,1.84E+02,8.99E+01,0.12,0.75,0.13,2.18
432,2142,21.3331467,141.031347,22.63834769,1.607530909,83.5661762,4.44809691,1.081494587,2.454205652,1.244531918,1.85E+02,8.96E+01,0.12,0.76,0.12,2.15
433,2143,20.4581971,140.6208757,22.20426819,1.449278561,81.85785965,4.302749849,1.076242031,2.393016649,1.240356699,1.83E+02,8.76E+01,0.11,0.77,0.12,2.11
434,2144,19.5228284,139.3461642,21.69980649,1.29812496,79.6312771,4.147236102,1.071228866,2.333524702,1.236275144,1.81E+02,8.51E+01,0.11,0.77,0.12,2.07
435,2145,18.5020302,137.8541692,21.14670492,1.153124242,77.28638147,3.986340567,1.066466684,2.276031112,1.232299296,1.78E+02,8.24E+01,0.10,0.78,0.12,2.03
436,2146,17.4046264,136.3293714,20.62602483,1.015673306,74.93487476,3.83556401,1.061973044,2.220547098,1.22843709,1.74E+02,7.98E+01,0.10,0.78,0.12,1.99
437,2147,16.2281975,135.8005057,20.09968406,0.886202972,73.13319616,3.687513436,1.057763218,2.167007115,1.224681641,1.72E+02,7.77E+01,0.09,0.79,0.12,1.95
438,2148,15.12874048,134.3008417,19.52055383,0.773094355,70.80037321,3.533637263,1.053852982,2.114958281,1.221033071,1.69E+02,7.51E+01,0.09,0.79,0.12,1.92
439,2149,14.10187948,132.2869183,18.90067989,0.674340212,68.21657849,3.376507893,1.050220684,2.064713855,1.217500031,1.65E+02,7.23E+01,0.09,0.80,0.11,1.88
440,2150,13.235707,130.0159993,18.16565934,0.592295804,65.53640801,3.203279748,1.046846203,2.016389941,1.214088924,1.61E+02,6.93E+01,0.08,0.81,0.11,1.85
441,2151,12.533822,127.5907052,17.33051125,0.524666262,62.82377688,3.017468242,1.043688855,1.969997782,1.210819477,1.57E+02,6.64E+01,0.08,0.81,0.11,1.81
442,2152,11.852383,125.4199642,16.46852492,0.463610935,60.28395401,2.832350062,1.040707719,1.925508852,1.207708547,1.54E+02,6.36E+01,0.08,0.82,0.11,1.78
443,2153,11.141681,123.2210209,15.64977258,0.406813847,57.77387306,2.659819587,1.037896496,1.882756162,1.204759755,1.50E+02,6.08E+01,0.07,0.82,0.10,1.75
444,2154,10.3827504,120.845734,14.97617141,0.353634314,55.22853018,2.516423487,1.035260766,1.841677593,1.201964237,1.46E+02,5.81E+01,0.07,0.83,0.10,1.72
445,2155,9.605259,118.4483852,14.38027053,0.305142384,52.72630001,2.389668472,1.032810598,1.80226152,1.19929512,1.42E+02,5.54E+01,0.07,0.83,0.10,1.69
446,2156,8.8497965,116.1775164,13.87651604,0.26233884,50.33389982,2.281230735,1.030549069,1.76444616,1.196737784,1.39E+02,5.29E+01,0.06,0.84,0.10,1.66
447,2157,8.31316988,113.7116785,13.43009827,0.230122703,47.91113238,2.184701715,1.028469796,1.728126668,1.194275204,1.35E+02,5.03E+01,0.06,0.84,0.10,1.63
448,2158,7.81979642,111.4080296,13.08116856,0.202026497,45.61467355,2.106082505,1.026520425,1.693302124,1.191896673,1.32E+02,4.79E+01,0.06,0.84,0.10,1.60
449,2159,7.34367646,108.9555956,12.87159533,0.176947393,43.31430741,2.051350616,1.024690119,1.659863762,1.189584494,1.29E+02,4.55E+01,0.06,0.84,0.10,1.58
450,2160,6.959230532,106.3763189,12.73839896,0.156292237,41.02658162,2.0096433,1.022974225,1.627800253,1.187313736,1.26E+02,4.32E+01,0.06,0.84,0.10,1.55
451,2161,6.49619117,103.76753,12.61300094,0.135799523,38.79479328,1.969753679,1.021350812,1.597093416,1.185070743,1.23E+02,4.09E+01,0.05,0.84,0.10,1.52
452,2162,6.05915418,101.140435,12.47121496,0.117861802,36.62517436,1.927889324,1.019837738,1.567697843,1.182854006,1.20E+02,3.87E+01,0.05,0.85,0.10,1.50
453,2163,5.6936743,98.40061851,12.33184751,0.103027121,34.48615201,1.887026746,1.018428478,1.539567236,1.180666264,1.16E+02,3.65E+01,0.05,0.85,0.11,1.48
454,2164,5.29291835,95.55389414,12.15600344,0.089017912,32.3854166,1.841254388,1.017105998,1.512683191,1.17850695,1.13E+02,3.43E+01,0.05,0.85,0.11,1.45
455,2165,4.93968461,92.79642064,12.0117722,0.077207111,30.39239746,1.80099948,1.015878143,1.487026251,1.176382291,1.10E+02,3.23E+01,0.05,0.85,0.11,1.43
456,2166,4.596884105,90.03740302,11.85259112,0.06674511,28.47447381,1.759151335,1.014733568,1.462526299,1.174286603,1.06E+02,3.03E+01,0.04,0.85,0.11,1.41
457,2167,4.251333791,87.36111473,11.69503182,0.057330274,26.65744879,1.718228492,1.013669582,1.439140674,1.172222348,1.03E+02,2.84E+01,0.04,0.85,0.11,1.39
458,2168,3.8876,84.65406274,11.5744971,0.048702439,24.90419996,1.683363092,1.012686569,1.416807651,1.17018909,1.00E+02,2.66E+01,0.04,0.85,0.12,1.37
459,2169,3.538632,81.90680602,11.41422673,0.041229116,23.213175,1.643280306,1.011788495,1.395497341,1.16818026,9.69E+01,2.49E+01,0.04,0.85,0.12,1.35
460,2170,3.278598,79.1611236,11.2952245,0.035581496,21.59709018,1.609751085,1.010971728,1.375183754,1.166202623,9.37E+01,2.32E+01,0.03,0.84,0.12,1.34
461,2171,2.947323,76.40688791,11.21912296,0.029804118,20.05265012,1.582761735,1.01021557,1.355832159,1.1642489,9.06E+01,2.17E+01,0.03,0.84,0.12,1.32
462,2172,2.705059,73.67880045,11.18312036,0.025552571,18.58822923,1.561672426,1.009536298,1.337412171,1.162311581,8.76E+01,2.02E+01,0.03,0.84,0.13,1.30
463,2173,2.480532,71.01750012,11.18252184,0.021914304,17.21175381,1.545604357,1.008913262,1.319886908,1.160383687,8.47E+01,1.88E+01,0.03,0.84,0.13,1.29
464,2174,2.2792861,68.36346549,11.18309339,0.018857127,15.90579728,1.529672347,1.008342278,1.303212053,1.158459093,8.18E+01,1.75E+01,0.03,0.84,0.14,1.28
465,2175,2.21024,65.7948983,11.18327421,0.017145401,14.68648325,1.513658394,1.007817903,1.287359395,1.156537594,7.92E+01,1.62E+01,0.03,0.83,0.14,1.26
466,2176,2.13838,63.24540744,11.1840822,0.015517432,13.53529311,1.497701002,1.007309673,1.27228449,1.154619251,7.66E+01,1.50E+01,0.03,0.83,0.15,1.25
467,2177,2.0727,60.72518268,11.183867,0.014036403,12.45244299,1.481577881,1.006818211,1.257960146,1.152703951,7.40E+01,1.39E+01,0.03,0.82,0.15,1.24
468,2178,1.95467,58.27683524,11.18387906,0.012318535,11.44399694,1.465458728,1.006342073,1.244358389,1.150791865,7.14E+01,1.29E+01,0.03,0.82,0.16,1.22
469,2179,1.83124,55.84981978,11.18510933,0.010728737,10.49668211,1.449470604,1.005893255,1.23144335,1.148882949,6.89E+01,1.20E+01,0.03,0.81,0.16,1.21
470,2180,1.70777,53.5055109,11.11340736,0.009295681,9.619468469,1.42410456,1.005472959,1.219191979,1.14697699,6.63E+01,1.11E+01,0.03,0.81,0.17,1.20
471,2181,1.60399,51.2257772,11.08937066,0.008108928,8.805204246,1.405061382,1.005081161,1.207569197,1.145086381,6.39E+01,1.02E+01,0.03,0.80,0.17,1.19
472,2182,1.55205,49.00641273,11.11450508,0.007280975,8.04983057,1.392255048,1.00471331,1.196545467,1.143202967,6.17E+01,9.45E+00,0.03,0.79,0.18,1.18
473,2183,1.48005,46.85609625,11.12208693,0.006421336,7.351542402,1.377140204,1.004357499,1.186093543,1.141318392,5.95E+01,8.74E+00,0.02,0.79,0.19,1.17
474,2184,1.4281491,44.78891935,11.17999156,0.005715781,6.7091141,1.368124047,1.004018312,1.17618562,1.139435642,5.74E+01,8.08E+00,0.02,0.78,0.19,1.16
475,2185,1.34429,42.78689462,11.18278717,0.004943698,6.116358896,1.352164929,1.003691127,1.166792188,1.13754622,5.53E+01,7.47E+00,0.02,0.77,0.20,1.16
476,2186,1.259,40.85763041,11.14437463,0.004245152,5.571311298,1.331243998,1.003383252,1.157888707,1.13565946,5.33E+01,6.91E+00,0.02,0.77,0.21,1.15
477,2187,1.19931,38.9884304,11.16389548,0.003700407,5.069228332,1.317300112,1.003094996,1.149450106,1.133782294,5.14E+01,6.39E+00,0.02,0.76,0.22,1.14
478,2188,1.11951095,37.17469157,11.18210015,0.003148682,4.606877332,1.303090304,1.002820484,1.141454913,1.13190495,4.95E+01,5.91E+00,0.02,0.75,0.23,1.14
479,2189,1.07155,35.41845714,11.14675105,0.002740752,4.182039466,1.282611061,1.002564304,1.133883453,1.130027662,4.76E+01,5.47E+00,0.02,0.74,0.23,1.13
480,2190,1.02511,33.69521514,11.14379044,0.002371895,3.789539942,1.265939517,1.002319161,1.126716415,1.128159407,4.59E+01,5.06E+00,0.02,0.73,0.24,1.12
481,2191,0.953032,32.07910068,11.14508782,0.001982651,3.435515423,1.249731421,1.002084698,1.119940133,1.126294736,4.42E+01,4.69E+00,0.02,0.73,0.25,1.12
482,2192,0.906787,30.54422815,11.16864002,0.001689609,3.114057629,1.235953309,1.001866771,1.113526732,1.12443293,4.26E+01,4.35E+00,0.02,0.72,0.26,1.11
483,2193,0.860353,29.07175964,11.18069003,0.001425357,2.82078121,1.220787955,1.001659461,1.107454327,1.122570277,4.11E+01,4.04E+00,0.02,0.71,0.27,1.11
484,2194,0.788251,27.65770203,10.97739872,0.001151375,2.553258003,1.182347899,1.001462808,1.101705419,1.120708705,3.94E+01,3.74E+00,0.02,0.70,0.28,1.10
485,2195,0.741974,26.27380755,10.36318899,0.000950487,2.307124978,1.101112548,1.001282668,1.096263843,1.118883984,3.74E+01,3.41E+00,0.02,0.70,0.28,1.10
486,2196,0.695546,24.98971598,9.407380883,0.000773375,2.086892469,0.986611728,1.001113134,1.091119441,1.117164087,3.51E+01,3.07E+00,0.02,0.71,0.27,1.10
487,2197,0.623426,23.76691501,8.379703884,0.000594328,1.887108468,0.868350778,1.000954235,1.086248864,1.115605107,3.28E+01,2.76E+00,0.02,0.73,0.26,1.09
488,2198,0.577123,22.60033193,7.630394066,0.000468147,1.705765327,0.782189984,1.000811833,1.081636789,1.114218264,3.08E+01,2.49E+00,0.02,0.73,0.25,1.09
489,2199,0.5307,21.48411713,7.420084592,0.000360644,1.540990624,0.753083943,1.000680025,1.07726926,1.112956933,2.94E+01,2.29E+00,0.02,0.73,0.25,1.08
490,2200,0.458567,20.40304847,7.726332928,0.00025612,1.390462498,0.776515194,1.000558835,1.073133791,1.111731735,2.86E+01,2.17E+00,0.02,0.71,0.27,1.08
491,2201,0.412243,19.55789279,8.357757841,0.000187127,1.266173237,0.83134772,1.000454129,1.069221116,1.110457403,2.83E+01,2.10E+00,0.01,0.69,0.30,1.08
492,2202,0.365823,19.61027427,9.046002964,0.000131653,1.205233951,0.889694774,1.00036001,1.065483907,1.109080573,2.90E+01,2.10E+00,0.01,0.68,0.31,1.08
493,2203,0.293679,18.86218851,9.712920108,8.12E-05,1.096997091,0.943519837,1.000276497,1.061749804,1.107592288,2.89E+01,2.04E+00,0.01,0.65,0.34,1.08
494,2204,0.247339,17.98479291,10.29134238,5.18E-05,0.988672745,0.986301752,1.000209458,1.058170496,1.105996501,2.85E+01,1.98E+00,0.01,0.63,0.36,1.07
495,2205,0.206107,17.1449797,10.70129398,3.15E-05,0.890253813,1.010798101,1.000153001,1.054768922,1.104308192,2.81E+01,1.90E+00,0.01,0.61,0.38,1.07
496,2206,0.164883,16.34369823,10.99343675,1.75E-05,0.801013516,1.022566234,1.000105957,1.051536368,1.102555362,2.75E+01,1.82E+00,0.01,0.59,0.40,1.07
497,2207,0.123656,15.58818602,11.13970262,8.45E-06,0.720546935,1.019669973,1.000068325,1.048464113,1.100757577,2.69E+01,1.74E+00,0.00,0.58,0.41,1.07
498,2208,0.0824187,14.86059183,11.15325518,3.31E-06,0.647304935,1.004141752,1.000040103,1.045542241,1.098938864,2.61E+01,1.65E+00,0.00,0.57,0.43,1.07
499,2209,0.0411815,14.0683519,11.17012407,8.77E-07,0.57695076,0.98881809,1.000021293,1.042764332,1.097120948,2.53E+01,1.57E+00,0.00,0.56,0.44,1.07
500,2210,0.00512685,13.29440107,11.15795285,6.10E-08,0.513059895,0.970863227,1.000011895,1.040141319,1.095303297,2.45E+01,1.48E+00,0.00,0.54,0.46,1.07
501,2211,0,12.56379873,11.1395752,0,0.456081617,0.95240499,1.000010725,1.037668671,1.093490633,2.37E+01,1.41E+00,0.00,0.53,0.47,1.06
502,2212,0,11.87212223,11.16046295,0,0.405209862,0.937299933,1.000010725,1.035337312,1.091683947,2.30E+01,1.34E+00,0.00,0.52,0.48,1.06
503,2213,0,11.21481008,11.17464154,0,0.35972782,0.921518563,1.000010725,1.033139115,1.089876866,2.24E+01,1.28E+00,0.00,0.50,0.50,1.06
504,2214,0,10.59341395,11.17630058,0,0.319188441,0.904630947,1.000010725,1.03106691,1.088070487,2.18E+01,1.22E+00,0.00,0.49,0.51,1.06
505,2215,0,10.00712458,11.17618148,0,0.283098873,0.887566263,1.000010725,1.029113341,1.086266834,2.12E+01,1.17E+00,0.00,0.47,0.53,1.06
506,2216,0,9.454741703,11.17601352,0,0.250997971,0.870470001,1.000010725,1.027271291,1.08446619,2.06E+01,1.12E+00,0.00,0.46,0.54,1.06
507,2217,0,8.922811614,11.17591891,0,0.222161947,0.853351748,1.000010725,1.025533949,1.082668558,2.01E+01,1.08E+00,0.00,0.44,0.56,1.06
508,2218,0,8.420092559,11.1757347,0,0.19651912,0.836198814,1.000010725,1.023897047,1.080873921,1.96E+01,1.03E+00,0.00,0.43,0.57,1.06
509,2219,0,7.946543678,11.17564366,0,0.173758781,0.8190251,1.000010725,1.022354765,1.079082289,1.91E+01,9.93E-01,0.00,0.42,0.58,1.06
510,2220,0,7.495223291,11.17553263,0,0.153452932,0.80182187,1.000010725,1.020901353,1.07729364,1.87E+01,9.55E-01,0.00,0.40,0.60,1.05
511,2221,0,7.068727597,11.17542379,0,0.13542392,0.784590757,1.000010725,1.01953238,1.075507975,1.82E+01,9.20E-01,0.00,0.39,0.61,1.05
512,2222,0,6.664097377,11.17529565,0,0.119394919,0.767330227,1.000010725,1.018242987,1.073725286,1.78E+01,8.87E-01,0.00,0.37,0.63,1.05
513,2223,0,6.282214369,11.16772273,0,0.105187933,0.749541979,1.000010725,1.017028895,1.071945573,1.74E+01,8.55E-01,0.00,0.36,0.64,1.05
514,2224,0,5.916263283,11.11155732,0,0.092514336,0.728574061,1.000010725,1.015885701,1.070170012,1.70E+01,8.21E-01,0.00,0.35,0.65,1.05
515,2225,0,5.571977667,11.03433004,0,0.081318183,0.70648937,1.000010725,1.014810276,1.0684063,1.66E+01,7.88E-01,0.00,0.34,0.66,1.05
516,2226,0,5.245726875,11.06303562,0,0.071397846,0.691352763,1.000010725,1.013798474,1.066657723,1.63E+01,7.63E-01,0.00,0.32,0.68,1.05
517,2227,0,4.938151966,11.12956206,0,0.062634974,0.678361016,1.000010725,1.012846837,1.06490747,1.61E+01,7.41E-01,0.00,0.31,0.69,1.05
518,2228,0,4.643457124,11.17461178,0,0.054842274,0.663756214,1.000010725,1.011951815,1.06314959,1.58E+01,7.19E-01,0.00,0.29,0.71,1.05
519,2229,0,4.363608462,11.1129661,0,0.04795095,0.642741077,1.000010725,1.011110926,1.061387513,1.55E+01,6.91E-01,0.00,0.28,0.72,1.05
520,2230,0,4.100270837,10.92670184,0,0.041887997,0.614971528,1.000010725,1.010321352,1.059638054,1.50E+01,6.57E-01,0.00,0.27,0.73,1.05
521,2231,0,3.848085007,10.79695565,0,0.036514802,0.591128922,1.000010725,1.009579989,1.057920729,1.46E+01,6.28E-01,0.00,0.26,0.74,1.05
522,2232,0,3.609707868,10.83101391,0,0.031788806,0.576571697,1.000010725,1.008884719,1.056226529,1.44E+01,6.08E-01,0.00,0.25,0.75,1.04
523,2233,0,3.386890389,10.96085375,0,0.027656418,0.566785545,1.000010725,1.008232954,1.054529712,1.43E+01,5.94E-01,0.00,0.24,0.76,1.04
524,2234,0,3.176152826,10.99659213,0,0.024024899,0.551652896,1.000010725,1.007621803,1.052815328,1.42E+01,5.76E-01,0.00,0.22,0.78,1.04
525,2235,0,2.973990804,10.7860513,0,0.02081697,0.524353817,1.000010725,1.007049016,1.051098156,1.38E+01,5.45E-01,0.00,0.22,0.78,1.04
526,2236,0,2.784065429,10.34909573,0,0.018015235,0.487334522,1.000010725,1.006512982,1.049416581,1.31E+01,5.05E-01,0.00,0.21,0.79,1.04
527,2237,0,2.605789655,9.829847386,0,0.015570941,0.448482329,1.000010725,1.006011439,1.047805658,1.24E+01,4.64E-01,0.00,0.21,0.79,1.04
528,2238,0,2.436620354,9.323094405,0,0.013429898,0.412369205,1.000010725,1.005542238,1.04627785,1.18E+01,4.26E-01,0.00,0.21,0.79,1.04
529,2239,0,2.276743372,8.886159876,0,0.011560802,0.381281057,1.000010725,1.005103696,1.044830863,1.12E+01,3.93E-01,0.00,0.20,0.80,1.04
530,2240,0,2.124793953,8.486826966,0,0.009927397,0.353425203,1.000010725,1.004694101,1.043453553,1.06E+01,3.63E-01,0.00,0.20,0.80,1.04
531,2241,0,1.981886073,8.128651036,0,0.008509187,0.328689088,1.000010725,1.004311993,1.042139832,1.01E+01,3.37E-01,0.00,0.20,0.80,1.03
532,2242,0,1.846354018,7.8116904,0,0.007274874,0.306822321,1.000010725,1.003955716,1.040883107,9.66E+00,3.14E-01,0.00,0.19,0.81,1.03
533,2243,0,1.715869599,7.54120245,0,0.006195715,0.287792197,1.000010725,1.003623916,1.039676812,9.26E+00,2.94E-01,0.00,0.19,0.81,1.03
534,2244,0,1.593719382,7.400025932,0,0.005266775,0.274432357,1.000010725,1.003315664,1.038513613,8.99E+00,2.80E-01,0.00,0.18,0.82,1.03
535,2245,0,1.480601357,7.381780792,0,0.004471846,0.265943432,1.000010725,1.00302944,1.037373456,8.86E+00,2.70E-01,0.00,0.17,0.83,1.03
536,2246,0,1.373376952,7.492874337,0,0.003785012,0.262026797,1.000010725,1.002763605,1.036237356,8.87E+00,2.66E-01,0.00,0.15,0.85,1.03
537,2247,0,1.27183968,7.707794113,0,0.003193291,0.261264694,1.000010725,1.002517085,1.035085431,8.98E+00,2.64E-01,0.00,0.14,0.86,1.03
538,2248,0,1.176774789,7.942012191,0,0.002687304,0.260419817,1.000010725,1.002288845,1.033901801,9.12E+00,2.63E-01,0.00,0.13,0.87,1.03
539,2249,0,1.087625445,8.157161519,0,0.002255086,0.258167711,1.000010725,1.002077711,1.03268362,9.24E+00,2.60E-01,0.00,0.12,0.88,1.03
540,2250,0,1.004883038,8.316402058,0,0.001888249,0.25345028,1.000010725,1.001882611,1.031433932,9.32E+00,2.55E-01,0.00,0.11,0.89,1.03
541,2251,0,0.926121003,8.416633773,0,0.001573938,0.246424981,1.000010725,1.001702388,1.030161406,9.34E+00,2.48E-01,0.00,0.10,0.90,1.03
542,2252,0,0.852851838,8.463173141,0,0.001308242,0.237516978,1.000010725,1.001536319,1.028875141,9.32E+00,2.39E-01,0.00,0.09,0.91,1.03
543,2253,0,0.7845519,8.475219283,0,0.00108386,0.227499996,1.000010725,1.001383413,1.027583382,9.26E+00,2.29E-01,0.00,0.08,0.92,1.03
544,2254,0,0.719491887,8.462637471,0,0.000893055,0.216794838,1.000010725,1.001242772,1.026291411,9.18E+00,2.18E-01,0.00,0.08,0.92,1.02
545,2255,0,0.647167213,8.43798079,0,0.000720021,0.205828331,1.000010725,1.001113812,1.025002978,9.09E+00,2.07E-01,0.00,0.07,0.93,1.02
546,2256,0,0.588941926,8.409297909,0,0.000587078,0.194846061,1.000010725,1.00099783,1.02371991,9.00E+00,1.95E-01,0.00,0.07,0.93,1.02
547,2257,0,0.538558775,8.384646012,0,0.000480124,0.184044472,1.000010725,1.000892294,1.022442801,8.92E+00,1.85E-01,0.00,0.06,0.94,1.02
548,2258,0,0.489623198,8.370269541,0,0.00038933,0.173533289,1.000010725,1.000795796,1.021171023,8.86E+00,1.74E-01,0.00,0.06,0.94,1.02
549,2259,0,0.442929333,8.36620746,0,0.000313405,0.16326322,1.000010725,1.000708074,1.019903002,8.81E+00,1.64E-01,0.00,0.05,0.95,1.02
550,2260,0,0.39997539,8.366163772,0,0.000251317,0.153068854,1.000010725,1.000628725,1.018637171,8.77E+00,1.53E-01,0.00,0.05,0.95,1.02
551,2261,0,0.360196719,8.362539151,0,0.000200545,0.142800833,1.000010725,1.000557077,1.017372917,8.72E+00,1.43E-01,0.00,0.04,0.96,1.02
552,2262,0,0.321761706,8.315916176,0,0.000158408,0.131851656,1.000010725,1.000492558,1.016110779,8.64E+00,1.32E-01,0.00,0.04,0.96,1.02
553,2263,0,0.287397383,8.122484783,0,0.000124943,0.118910942,1.000010725,1.000434927,1.014857231,8.41E+00,1.19E-01,0.00,0.03,0.97,1.01
554,2264,0,0.254842658,7.815194909,0,9.77E-05,0.105121705,1.000010725,1.000383454,1.013634333,8.07E+00,1.05E-01,0.00,0.03,0.97,1.01
555,2265,0,0.225010488,7.419156498,0,7.60E-05,0.09129845,1.000010725,1.000337814,1.012459091,7.64E+00,9.14E-02,0.00,0.03,0.97,1.01
556,2266,0,0.199037362,7.010079493,0,5.92E-05,0.078634922,1.000010725,1.000297519,1.011344666,7.21E+00,7.87E-02,0.00,0.03,0.97,1.01
557,2267,0,0.175732991,6.730693841,0,4.60E-05,0.068571986,1.000010725,1.000261876,1.010292815,6.91E+00,6.86E-02,0.00,0.03,0.97,1.01
558,2268,0,0.154402031,6.464909493,0,3.56E-05,0.059467575,1.000010725,1.000230407,1.009283915,6.62E+00,5.95E-02,0.00,0.02,0.98,1.01
559,2269,0,0.135626913,6.176856401,0,2.75E-05,0.050941897,1.000010725,1.000202759,1.008315803,6.31E+00,5.10E-02,0.00,0.02,0.98,1.01
560,2270,0,0.119866843,5.830254518,0,2.14E-05,0.042779247,1.000010725,1.000178473,1.007391694,5.95E+00,4.28E-02,0.00,0.02,0.98,1.01
561,2271,0,0.105253642,5.38977,0,1.65E-05,0.034914818,1.000010725,1.00015701,1.006520217,5.50E+00,3.49E-02,0.00,0.02,0.98,1.01
562,2272,0,0.091845377,4.95644,0,1.27E-05,0.028166326,1.000010725,1.000138164,1.005715252,5.05E+00,2.82E-02,0.00,0.02,0.98,1.01
563,2273,0,0.079159914,4.53028,0,9.63E-06,0.022429142,1.000010725,1.00012172,1.004975573,4.61E+00,2.24E-02,0.00,0.02,0.98,1.00
564,2274,0,0.067705112,4.12918,0,7.28E-06,0.017679324,1.000010725,1.000107546,1.004299969,4.20E+00,1.77E-02,0.00,0.02,0.98,1.00
565,2275,0,0.057974887,3.75314,0,5.53E-06,0.013777964,1.000010725,1.000095424,1.003684576,3.81E+00,1.38E-02,0.00,0.02,0.98,1.00
566,2276,0,0.049458356,3.38786,0,4.21E-06,0.010555945,1.000010725,1.000085044,1.003125554,3.44E+00,1.06E-02,0.00,0.01,0.99,1.00
567,2277,0,0.042138605,3.06554,0,3.21E-06,0.008014406,1.000010725,1.000076189,1.002621207,3.11E+00,8.02E-03,0.00,0.01,0.99,1.00
568,2278,0,0.035815967,2.7504,0,2.46E-06,0.00594192,1.000010725,1.000068644,1.002165061,2.79E+00,5.94E-03,0.00,0.01,0.99,1.00
569,2279,0,0.029896415,2.43883,0,1.86E-06,0.004275042,1.000010725,1.000062232,1.001755985,2.47E+00,4.28E-03,0.00,0.01,0.99,1.00
570,2280,0,0.024882809,2.14516,0,1.42E-06,0.002984883,1.000010725,1.000056879,1.001393389,2.17E+00,2.99E-03,0.00,0.01,0.99,1.00
571,2281,0,0.020308077,1.83718,0,1.06E-06,0.001972047,1.000010725,1.000052424,1.001074563,1.86E+00,1.97E-03,0.00,0.01,0.99,1.00
572,2282,0,0.016324676,1.5471,0,7.96E-07,0.00123915,1.000010725,1.000048789,1.000801592,1.56E+00,1.24E-03,0.00,0.01,0.99,1.00
573,2283,0,0.013196621,1.2606,0,6.05E-07,0.000720373,1.000010725,1.000045866,1.000571779,1.27E+00,7.21E-04,0.00,0.01,0.99,1.00
574,2284,0,0.010468406,0.974098,0,4.55E-07,0.000374458,1.000010725,1.000043503,1.000384563,9.85E-01,3.75E-04,0.00,0.01,0.99,1.00
575,2285,0,0.008445576,0.687598,0,3.52E-07,0.000164929,1.000010725,1.000041629,1.00023992,6.96E-01,1.65E-04,0.00,0.01,0.99,1.00
576,2286,0,0.006738601,0.411853,0,2.70E-07,5.68E-05,1.000010725,1.000040117,1.000137832,4.19E-01,5.70E-05,0.00,0.02,0.98,1.00
577,2287,0,0.00522929,0.207719,0,2.03E-07,1.59E-05,1.000010725,1.000038911,1.000076689,2.13E-01,1.61E-05,0.00,0.02,0.98,1.00
578,2288,0,0.00403498,0.0680538,0,1.53E-07,3.12E-06,1.000010725,1.000037974,1.000045853,7.21E-02,3.27E-06,0.00,0.06,0.94,1.00
579,2289,0,0.00304786,0.00716937,0,1.14E-07,2.56E-07,1.000010725,1.000037252,1.000035751,1.02E-02,3.70E-07,0.00,0.30,0.70,1.00
580,2290,0,0.00210914,0,0,7.74E-08,0,1.000010725,1.000036706,1.000034686,2.11E-03,7.74E-08,0.00,1.00,0.00,1.00
581,2291,0,0.00139593,0,0,5.07E-08,0,1.000010725,1.000036329,1.000034686,1.40E-03,5.07E-08,0.00,1.00,0.00,1.00
582,2292,0,0.000631468,0,0,2.28E-08,0,1.000010725,1.000036079,1.000034686,6.31E-04,2.28E-08,0.00,1.00,0.00,1.00
583,2293,0,0.000217867,0,0,7.84E-09,0,1.000010725,1.000035966,1.000034686,2.18E-04,7.84E-09,0.00,1.00,0.00,1.00
584,2294,0,5.25E-05,0,0,1.89E-09,0,1.000010725,1.000035927,1.000034686,5.25E-05,1.89E-09,0.00,1.00,0.00,1.00
585,2295,0,5.90E-06,0,0,2.12E-10,0,1.000010725,1.000035917,1.000034686,5.90E-06,2.12E-10,0.00,1.00,0.00,1.00
586,2296,0,7.00E-06,0,0,2.51E-10,0,1.000010725,1.000035916,1.000034686,7.00E-06,2.51E-10,0.00,1.00,0.00,1.00
587,2297,0,7.10E-06,0,0,2.55E-10,0,1.000010725,1.000035915,1.000034686,7.10E-06,2.55E-10,0.00,1.00,0.00,1.00
588,2298,0,7.10E-06,0,0,2.55E-10,0,1.000010725,1.000035914,1.000034686,7.10E-06,2.55E-10,0.00,1.00,0.00,1.00
589,2299,0,7.10E-06,0,0,2.55E-10,0,1.000010725,1.000035912,1.000034686,7.10E-06,2.55E-10,0.00,1.00,0.00,1.00
590,2300,0,7.10E-06,0,0,2.55E-10,0,1.000010725,1.000035911,1.000034686,7.10E-06,2.55E-10,0.00,1.00,0.00,1.00
591,2301,0,7.10E-06,0,0,2.55E-10,0,1.000010725,1.00003591,1.000034686,7.10E-06,2.55E-10,0.00,1.00,0.00,1.00
592,2302,0,7.10E-06,0,0,2.55E-10,0,1.000010725,1.000035909,1.000034686,7.10E-06,2.55E-10,0.00,1.00,0.00,1.00
593,2303,0,7.10E-06,0,0,2.55E-10,0,1.000010725,1.000035907,1.000034686,7.10E-06,2.55E-10,0.00,1.00,0.00,1.00
594,2304,0,7.10E-06,0,0,2.55E-10,0,1.000010725,1.000035906,1.000034686,7.10E-06,2.55E-10,0.00,1.00,0.00,1.00
595,2305,0,7.10E-06,0,0,2.55E-10,0,1.000010725,1.000035905,1.000034686,7.10E-06,2.55E-10,0.00,1.00,0.00,1.00
596,2306,0,7.10E-06,0,0,2.55E-10,0,1.000010725,1.000035904,1.000034686,7.10E-06,2.55E-10,0.00,1.00,0.00,1.00
597,2307,0,7.08E-06,0,0,2.54E-10,0,1.000010725,1.000035902,1.000034686,7.08E-06,2.54E-10,0.00,1.00,0.00,1.00
598,2308,0,6.93E-06,0,0,2.49E-10,0,1.000010725,1.000035901,1.000034686,6.93E-06,2.49E-10,0.00,1.00,0.00,1.00
599,2309,0,6.63E-06,0,0,2.38E-10,0,1.000010725,1.0000359,1.000034686,6.63E-06,2.38E-10,0.00,1.00,0.00,1.00
600,2310,0,6.32E-06,0,0,2.27E-10,0,1.000010725,1.000035899,1.000034686,6.32E-06,2.27E-10,0.00,1.00,0.00,1.00
601,2311,0,6.01E-06,0,0,2.16E-10,0,1.000010725,1.000035897,1.000034686,6.01E-06,2.16E-10,0.00,1.00,0.00,1.00
602,2312,0,5.72E-06,0,0,2.05E-10,0,1.000010725,1.000035896,1.000034686,5.72E-06,2.05E-10,0.00,1.00,0.00,1.00
603,2313,0,5.44E-06,0,0,1.95E-10,0,1.000010725,1.000035895,1.000034686,5.44E-06,1.95E-10,0.00,1.00,0.00,1.00
604,2314,0,5.18E-06,0,0,1.86E-10,0,1.000010725,1.000035894,1.000034686,5.18E-06,1.86E-10,0.00,1.00,0.00,1.00
605,2315,0,4.93E-06,0,0,1.77E-10,0,1.000010725,1.000035893,1.000034686,4.93E-06,1.77E-10,0.00,1.00,0.00,1.00
606,2316,0,4.69E-06,0,0,1.68E-10,0,1.000010725,1.000035893,1.000034686,4.69E-06,1.68E-10,0.00,1.00,0.00,1.00
607,2317,0,4.47E-06,0,0,1.60E-10,0,1.000010725,1.000035892,1.000034686,4.47E-06,1.60E-10,0.00,1.00,0.00,1.00
608,2318,0,4.25E-06,0,0,1.53E-10,0,1.000010725,1.000035891,1.000034686,4.25E-06,1.53E-10,0.00,1.00,0.00,1.00
609,2319,0,4.05E-06,0,0,1.45E-10,0,1.000010725,1.00003589,1.000034686,4.05E-06,1.45E-10,0.00,1.00,0.00,1.00
610,2320,0,3.85E-06,0,0,1.38E-10,0,1.000010725,1.000035889,1.000034686,3.85E-06,1.38E-10,0.00,1.00,0.00,1.00
611,2321,0,3.66E-06,0,0,1.31E-10,0,1.000010725,1.000035889,1.000034686,3.66E-06,1.31E-10,0.00,1.00,0.00,1.00
612,2322,0,3.49E-06,0,0,1.25E-10,0,1.000010725,1.000035888,1.000034686,3.49E-06,1.25E-10,0.00,1.00,0.00,1.00
613,2323,0,3.32E-06,0,0,1.19E-10,0,1.000010725,1.000035887,1.000034686,3.32E-06,1.19E-10,0.00,1.00,0.00,1.00
614,2324,0,3.16E-06,0,0,1.13E-10,0,1.000010725,1.000035887,1.000034686,3.16E-06,1.13E-10,0.00,1.00,0.00,1.00
615,2325,0,3.01E-06,0,0,1.08E-10,0,1.000010725,1.000035886,1.000034686,3.01E-06,1.08E-10,0.00,1.00,0.00,1.00
616,2326,0,2.86E-06,0,0,1.03E-10,0,1.000010725,1.000035886,1.000034686,2.86E-06,1.03E-10,0.00,1.00,0.00,1.00
617,2327,0,2.72E-06,0,0,9.77E-11,0,1.000010725,1.000035885,1.000034686,2.72E-06,9.77E-11,0.00,1.00,0.00,1.00
618,2328,0,2.59E-06,0,0,9.30E-11,0,1.000010725,1.000035885,1.000034686,2.59E-06,9.30E-11,0.00,1.00,0.00,1.00
619,2329,0,2.47E-06,0,0,8.85E-11,0,1.000010725,1.000035884,1.000034686,2.47E-06,8.85E-11,0.00,1.00,0.00,1.00
620,2330,0,2.35E-06,0,0,8.42E-11,0,1.000010725,1.000035884,1.000034686,2.35E-06,8.42E-11,0.00,1.00,0.00,1.00
621,2331,0,2.23E-06,0,0,8.01E-11,0,1.000010725,1.000035883,1.000034686,2.23E-06,8.01E-11,0.00,1.00,0.00,1.00
622,2332,0,2.13E-06,0,0,7.63E-11,0,1.000010725,1.000035883,1.000034686,2.13E-06,7.63E-11,0.00,1.00,0.00,1.00
623,2333,0,2.02E-06,0,0,7.26E-11,0,1.000010725,1.000035883,1.000034686,2.02E-06,7.26E-11,0.00,1.00,0.00,1.00
624,2334,0,1.93E-06,0,0,6.91E-11,0,1.000010725,1.000035882,1.000034686,1.93E-06,6.91E-11,0.00,1.00,0.00,1.00
625,2335,0,1.83E-06,0,0,6.57E-11,0,1.000010725,1.000035882,1.000034686,1.83E-06,6.57E-11,0.00,1.00,0.00,1.00
626,2336,0,1.74E-06,0,0,6.26E-11,0,1.000010725,1.000035882,1.000034686,1.74E-06,6.26E-11,0.00,1.00,0.00,1.00
627,2337,0,1.66E-06,0,0,5.95E-11,0,1.000010725,1.000035881,1.000034686,1.66E-06,5.95E-11,0.00,1.00,0.00,1.00
628,2338,0,1.58E-06,0,0,5.67E-11,0,1.000010725,1.000035881,1.000034686,1.58E-06,5.67E-11,0.00,1.00,0.00,1.00
629,2339,0,1.50E-06,0,0,5.39E-11,0,1.000010725,1.000035881,1.000034686,1.50E-06,5.39E-11,0.00,1.00,0.00,1.00
630,2340,0,1.43E-06,0,0,5.13E-11,0,1.000010725,1.00003588,1.000034686,1.43E-06,5.13E-11,0.00,1.00,0.00,1.00
631,2341,0,1.36E-06,0,0,4.88E-11,0,1.000010725,1.00003588,1.000034686,1.36E-06,4.88E-11,0.00,1.00,0.00,1.00
632,2342,0,1.30E-06,0,0,4.65E-11,0,1.000010725,1.00003588,1.000034686,1.30E-06,4.65E-11,0.00,1.00,0.00,1.00
633,2343,0,1.23E-06,0,0,4.42E-11,0,1.000010725,1.00003588,1.000034686,1.23E-06,4.42E-11,0.00,1.00,0.00,1.00
634,2344,0,1.17E-06,0,0,4.21E-11,0,1.000010725,1.000035879,1.000034686,1.17E-06,4.21E-11,0.00,1.00,0.00,1.00
635,2345,0,1.12E-06,0,0,4.01E-11,0,1.000010725,1.000035879,1.000034686,1.12E-06,4.01E-11,0.00,1.00,0.00,1.00
636,2346,0,1.06E-06,0,0,3.81E-11,0,1.000010725,1.000035879,1.000034686,1.06E-06,3.81E-11,0.00,1.00,0.00,1.00
637,2347,0,1.01E-06,0,0,3.63E-11,0,1.000010725,1.000035879,1.000034686,1.01E-06,3.63E-11,0.00,1.00,0.00,1.00
638,2348,0,9.63E-07,0,0,3.45E-11,0,1.000010725,1.000035879,1.000034686,9.63E-07,3.45E-11,0.00,1.00,0.00,1.00
639,2349,0,9.16E-07,0,0,3.29E-11,0,1.000010725,1.000035879,1.000034686,9.16E-07,3.29E-11,0.00,1.00,0.00,1.00
640,2350,0,8.72E-07,0,0,3.13E-11,0,1.000010725,1.000035878,1.000034686,8.72E-07,3.13E-11,0.00,1.00,0.00,1.00
641,2351,0,8.30E-07,0,0,2.98E-11,0,1.000010725,1.000035878,1.000034686,8.30E-07,2.98E-11,0.00,1.00,0.00,1.00
642,2352,0,7.90E-07,0,0,2.83E-11,0,1.000010725,1.000035878,1.000034686,7.90E-07,2.83E-11,0.00,1.00,0.00,1.00
643,2353,0,7.52E-07,0,0,2.70E-11,0,1.000010725,1.000035878,1.000034686,7.52E-07,2.70E-11,0.00,1.00,0.00,1.00
644,2354,0,7.15E-07,0,0,2.57E-11,0,1.000010725,1.000035878,1.000034686,7.15E-07,2.57E-11,0.00,1.00,0.00,1.00
645,2355,0,6.81E-07,0,0,2.44E-11,0,1.000010725,1.000035878,1.000034686,6.81E-07,2.44E-11,0.00,1.00,0.00,1.00
646,2356,0,6.48E-07,0,0,2.32E-11,0,1.000010725,1.000035878,1.000034686,6.48E-07,2.32E-11,0.00,1.00,0.00,1.00
647,2357,0,6.17E-07,0,0,2.21E-11,0,1.000010725,1.000035877,1.000034686,6.17E-07,2.21E-11,0.00,1.00,0.00,1.00
648,2358,0,5.87E-07,0,0,2.11E-11,0,1.000010725,1.000035877,1.000034686,5.87E-07,2.11E-11,0.00,1.00,0.00,1.00
649,2359,0,5.59E-07,0,0,2.00E-11,0,1.000010725,1.000035877,1.000034686,5.59E-07,2.00E-11,0.00,1.00,0.00,1.00
650,2360,0,5.32E-07,0,0,1.91E-11,0,1.000010725,1.000035877,1.000034686,5.32E-07,1.91E-11,0.00,1.00,0.00,1.00
651,2361,0,5.06E-07,0,0,1.81E-11,0,1.000010725,1.000035877,1.000034686,5.06E-07,1.81E-11,0.00,1.00,0.00,1.00
652,2362,0,4.81E-07,0,0,1.73E-11,0,1.000010725,1.000035877,1.000034686,4.81E-07,1.73E-11,0.00,1.00,0.00,1.00
653,2363,0,4.58E-07,0,0,1.64E-11,0,1.000010725,1.000035877,1.000034686,4.58E-07,1.64E-11,0.00,1.00,0.00,1.00
654,2364,0,4.36E-07,0,0,1.56E-11,0,1.000010725,1.000035877,1.000034686,4.36E-07,1.56E-11,0.00,1.00,0.00,1.00
655,2365,0,4.15E-07,0,0,1.49E-11,0,1.000010725,1.000035877,1.000034686,4.15E-07,1.49E-11,0.00,1.00,0.00,1.00
656,2366,0,3.95E-07,0,0,1.42E-11,0,1.000010725,1.000035877,1.000034686,3.95E-07,1.42E-11,0.00,1.00,0.00,1.00
657,2367,0,3.76E-07,0,0,1.35E-11,0,1.000010725,1.000035877,1.000034686,3.76E-07,1.35E-11,0.00,1.00,0.00,1.00
658,2368,0,3.58E-07,0,0,1.28E-11,0,1.000010725,1.000035876,1.000034686,3.58E-07,1.28E-11,0.00,1.00,0.00,1.00
659,2369,0,3.40E-07,0,0,1.22E-11,0,1.000010725,1.000035876,1.000034686,3.40E-07,1.22E-11,0.00,1.00,0.00,1.00
660,2370,0,3.24E-07,0,0,1.16E-11,0,1.000010725,1.000035876,1.000034686,3.24E-07,1.16E-11,0.00,1.00,0.00,1.00
661,2371,0,3.08E-07,0,0,1.11E-11,0,1.000010725,1.000035876,1.000034686,3.08E-07,1.11E-11,0.00,1.00,0.00,1.00
662,2372,0,2.93E-07,0,0,1.05E-11,0,1.000010725,1.000035876,1.000034686,2.93E-07,1.05E-11,0.00,1.00,0.00,1.00
663,2373,0,2.79E-07,0,0,1.00E-11,0,1.000010725,1.000035876,1.000034686,2.79E-07,1.00E-11,0.00,1.00,0.00,1.00
664,2374,0,2.66E-07,0,0,9.54E-12,0,1.000010725,1.000035876,1.000034686,2.66E-07,9.54E-12,0.00,1.00,0.00,1.00
665,2375,0,2.53E-07,0,0,9.08E-12,0,1.000010725,1.000035876,1.000034686,2.53E-07,9.08E-12,0.00,1.00,0.00,1.00
666,2376,0,2.41E-07,0,0,8.64E-12,0,1.000010725,1.000035876,1.000034686,2.41E-07,8.64E-12,0.00,1.00,0.00,1.00
667,2377,0,2.29E-07,0,0,8.22E-12,0,1.000010725,1.000035876,1.000034686,2.29E-07,8.22E-12,0.00,1.00,0.00,1.00
668,2378,0,2.18E-07,0,0,7.82E-12,0,1.000010725,1.000035876,1.000034686,2.18E-07,7.82E-12,0.00,1.00,0.00,1.00
669,2379,0,2.08E-07,0,0,7.45E-12,0,1.000010725,1.000035876,1.000034686,2.08E-07,7.45E-12,0.00,1.00,0.00,1.00
670,2380,0,1.98E-07,0,0,7.09E-12,0,1.000010725,1.000035876,1.000034686,1.98E-07,7.09E-12,0.00,1.00,0.00,1.00
671,2381,0,1.88E-07,0,0,6.74E-12,0,1.000010725,1.000035876,1.000034686,1.88E-07,6.74E-12,0.00,1.00,0.00,1.00
672,2382,0,1.79E-07,0,0,6.42E-12,0,1.000010725,1.000035876,1.000034686,1.79E-07,6.42E-12,0.00,1.00,0.00,1.00
673,2383,0,1.70E-07,0,0,6.11E-12,0,1.000010725,1.000035876,1.000034686,1.70E-07,6.11E-12,0.00,1.00,0.00,1.00
674,2384,0,1.62E-07,0,0,5.81E-12,0,1.000010725,1.000035876,1.000034686,1.62E-07,5.81E-12,0.00,1.00,0.00,1.00
675,2385,0,1.54E-07,0,0,5.53E-12,0,1.000010725,1.000035876,1.000034686,1.54E-07,5.53E-12,0.00,1.00,0.00,1.00
676,2386,0,1.47E-07,0,0,5.27E-12,0,1.000010725,1.000035876,1.000034686,1.47E-07,5.27E-12,0.00,1.00,0.00,1.00
677,2387,0,1.40E-07,0,0,5.01E-12,0,1.000010725,1.000035876,1.000034686,1.40E-07,5.01E-12,0.00,1.00,0.00,1.00
678,2388,0,1.33E-07,0,0,4.77E-12,0,1.000010725,1.000035876,1.000034686,1.33E-07,4.77E-12,0.00,1.00,0.00,1.00
679,2389,0,1.27E-07,0,0,4.54E-12,0,1.000010725,1.000035876,1.000034686,1.27E-07,4.54E-12,0.00,1.00,0.00,1.00
680,2390,0,1.20E-07,0,0,4.32E-12,0,1.000010725,1.000035876,1.000034686,1.20E-07,4.32E-12,0.00,1.00,0.00,1.00
681,2391,0,1.15E-07,0,0,4.11E-12,0,1.000010725,1.000035876,1.000034686,1.15E-07,4.11E-12,0.00,1.00,0.00,1.00
682,2392,0,1.09E-07,0,0,3.91E-12,0,1.000010725,1.000035876,1.000034686,1.09E-07,3.91E-12,0.00,1.00,0.00,1.00
683,2393,0,1.04E-07,0,0,3.72E-12,0,1.000010725,1.000035876,1.000034686,1.04E-07,3.72E-12,0.00,1.00,0.00,1.00
684,2394,0,9.88E-08,0,0,3.54E-12,0,1.000010725,1.000035875,1.000034686,9.88E-08,3.54E-12,0.00,1.00,0.00,1.00
685,2395,0,9.40E-08,0,0,3.37E-12,0,1.000010725,1.000035875,1.000034686,9.40E-08,3.37E-12,0.00,1.00,0.00,1.00
686,2396,0,8.95E-08,0,0,3.21E-12,0,1.000010725,1.000035875,1.000034686,8.95E-08,3.21E-12,0.00,1.00,0.00,1.00
687,2397,0,8.51E-08,0,0,3.05E-12,0,1.000010725,1.000035875,1.000034686,8.51E-08,3.05E-12,0.00,1.00,0.00,1.00
688,2398,0,8.10E-08,0,0,2.91E-12,0,1.000010725,1.000035875,1.000034686,8.10E-08,2.91E-12,0.00,1.00,0.00,1.00
689,2399,0,7.71E-08,0,0,2.77E-12,0,1.000010725,1.000035875,1.000034686,7.71E-08,2.77E-12,0.00,1.00,0.00,1.00
690,2400,0,5.87E-08,0,0,2.11E-12,0,1.000010725,1.000035875,1.000034686,5.87E-08,2.11E-12,0.00,1.00,0.00,1.00
691,2401,0,2.31E-08,0,0,8.28E-13,0,1.000010725,1.000035875,1.000034686,2.31E-08,8.28E-13,0.00,1.00,0.00,1.00
692,2402,0,3.03E-09,0,0,1.09E-13,0,1.000010725,1.000035875,1.000034686,3.03E-09,1.09E-13,0.00,1.00,0.00,1.00
693,2403,0,0,0,0,0,0,1.000010725,1.000035875,1.000034686,0.00E+00,0.00E+00,#DIV/0!,#DIV/0!,#DIV/0!,#DIV/0!
694,2404,0,0,0,0,0,0,1.000010725,1.000035875,1.000034686,0.00E+00,0.00E+00,#DIV/0!,#DIV/0!,#DIV/0!,#DIV/0!
695,2405,0,0,0,0,0,0,1.000010725,1.000035875,1.000034686,0.00E+00,0.00E+00,#DIV/0!,#DIV/0!,#DIV/0!,#DIV/0!
