,Year,Coal Prod_x,Gas Prod_x,Oil Prod_x,Coal Prod_y,Gas Prod_y,Oil Prod_y,Coal EROI,Gas EROI,Oil EROI
0,1710,3.75001e-05,0.0,0.0,3.536537593714109e-05,0.0,0.0,17.56672005176089,31.135738420804223,18.732729360695473
1,1711,0.0003,0.0,0.0,0.00028292225373340664,0.0,0.0,17.566720767297323,31.135738420804223,18.732729360695473
2,1712,0.000637501,0.0,0.0,0.0006012107440831894,0.0,0.0,17.566726491578528,31.135738420804223,18.732729360695473
3,1713,0.0012,0.0,0.0,0.001131689084495548,0.0,0.0,17.566738655724727,31.135738420804223,18.732729360695473
4,1714,0.0017625,0.0,0.0,0.00166216847362953,0.0,0.0,17.566761553014192,31.135738420804223,18.732729360695473
5,1715,0.0021,0.0,0.0,0.001980456282546483,0.0,0.0,17.566795183666258,31.135738420804223,18.732729360695473
6,1716,0.0023625,0.0,0.0,0.0022280136246366784,0.0,0.0,17.566835254631467,31.135738420804223,18.732729360695473
7,1717,0.0024,0.0,0.0,0.002263379270864626,0.0,0.0,17.566880334988586,31.135738420804223,18.732729360695473
8,1718,0.0024,0.0,0.0,0.0022633796270310333,0.0,0.0,17.566926131472073,31.135738420804223,18.732729360695473
9,1719,0.0024,0.0,0.0,0.002263379983200013,0.0,0.0,17.56697192852515,31.135738420804223,18.732729360695473
10,1720,0.0024,0.0,0.0,0.0022633803393715657,0.0,0.0,17.567017726147824,31.135738420804223,18.732729360695473
11,1721,0.0024,0.0,0.0,0.002263380695545691,0.0,0.0,17.567063524340103,31.135738420804223,18.732729360695473
12,1722,0.0024,0.0,0.0,0.002263381051722389,0.0,0.0,17.567109323101995,31.135738420804223,18.732729360695473
13,1723,0.0024375,0.0,0.0,0.002298746742400124,0.0,0.0,17.567155122433498,31.135738420804223,18.732729360695473
14,1724,0.00270001,0.0,0.0,0.0025463139216123473,0.0,0.0,17.567201637962594,31.135738420804223,18.732729360695473
15,1725,0.00300001,0.0,0.0,0.002829237143706598,0.0,0.0,17.56725316373309,31.135738420804223,18.732729360695473
16,1726,0.00330001,0.0,0.0,0.003112160527202811,0.0,0.0,17.56731041541354,31.135738420804223,18.732729360695473
17,1727,0.00356251,0.0,0.0,0.0033597187277791575,0.0,0.0,17.567373393270973,31.135738420804223,18.732729360695473
18,1728,0.00360001,0.0,0.0,0.003395084881894631,0.0,0.0,17.567441381924418,31.135738420804223,18.732729360695473
19,1729,0.00360001,0.0,0.0,0.0033950856833458564,0.0,0.0,17.567510087520944,31.135738420804223,18.732729360695473
20,1730,0.00363751,0.0,0.0,0.0034304518707853077,0.0,0.0,17.567578794399207,31.135738420804223,18.732729360695473
21,1731,0.00390001,0.0,0.0,0.0036780104499439382,0.0,0.0,17.56764821827398,31.135738420804223,18.732729360695473
22,1732,0.00420001,0.0,0.0,0.00396093461824304,0.0,0.0,17.567722653559002,31.135738420804223,18.732729360695473
23,1733,0.00450001,0.0,0.0,0.004243859014754194,0.0,0.0,17.56780281630285,31.135738420804223,18.732729360695473
24,1734,0.00476252,0.0,0.0,0.004491427663324675,0.0,0.0,17.56788870687941,31.135738420804223,18.732729360695473
25,1735,0.00483752,0.0,0.0,0.004562159935418719,0.0,0.0,17.567979610100863,31.135738420804223,18.732729360695473
26,1736,0.00510002,0.0,0.0,0.004809719504001376,0.0,0.0,17.568071947159766,31.135738420804223,18.732729360695473
27,1737,0.00540002,0.0,0.0,0.005092644774463689,0.0,0.0,17.568169297242484,31.135738420804223,18.732729360695473
28,1738,0.00570003,0.0,0.0,0.005375579770756181,0.0,0.0,17.568272376582367,31.135738420804223,18.732729360695473
29,1739,0.00600003,0.0,0.0,0.005658505648010632,0.0,0.0,17.568381185851088,31.135738420804223,18.732729360695473
30,1740,0.00630003,0.0,0.0,0.005941431853722509,0.0,0.0,17.568495725365267,31.135738420804223,18.732729360695473
31,1741,0.00660004,0.0,0.0,0.006224367835406571,0.0,0.0,17.568615995659133,31.135738420804223,18.732729360695473
32,1742,0.00690004,0.0,0.0,0.006507294748177876,0.0,0.0,17.568741997484565,31.135738420804223,18.732729360695473
33,1743,0.00720004,0.0,0.0,0.006790222039546568,0.0,0.0,17.56887373123837,31.135738420804223,18.732729360695473
34,1744,0.00750005,0.0,0.0,0.007073159157045088,0.0,0.0,17.56901119753498,31.135738420804223,18.732729360695473
35,1745,0.00783755,0.0,0.0,0.007391452833180967,0.0,0.0,17.569154397206525,31.135738420804223,18.732729360695473
36,1746,0.00840006,0.0,0.0,0.007921949997598057,0.0,0.0,17.569304046766515,31.135738420804223,18.732729360695473
37,1747,0.00896258,0.0,0.0,0.008452457450233418,0.0,0.0,17.569464443595074,31.135738420804223,18.732729360695473
38,1748,0.00933758,0.0,0.0,0.00880611877802143,0.0,0.0,17.569635589285827,31.135738420804223,18.732729360695473
39,1749,0.0098626,0.0,0.0,0.009301262238898211,0.0,0.0,17.5698139042736,31.135738420804223,18.732729360695473
40,1750,0.010293851199999999,0.0,0.0,0.00970797471286038,0.0,0.0,17.570002254667827,31.135738420804223,18.732729360695473
41,1751,0.011250109000000001,0.0,0.0,0.010609814083856655,0.0,0.0,17.570198851120324,31.135738420804223,18.732729360695473
42,1752,0.01235637,0.0,0.0,0.011653121334653427,0.0,0.0,17.570413722592107,31.135738420804223,18.732729360695473
43,1753,0.01380024,0.0,0.0,0.01301482567519425,0.0,0.0,17.570649737529408,31.135738420804223,18.732729360695473
44,1754,0.01524401,0.0,0.0,0.014376439276894432,0.0,0.0,17.570913349210684,31.135738420804223,18.732729360695473
45,1755,0.01635027,0.0,0.0,0.015419754966574656,0.0,0.0,17.571204561642144,31.135738420804223,18.732729360695473
46,1756,0.01734403,0.0,0.0,0.016356976345715753,0.0,0.0,17.57151693296439,31.135738420804223,18.732729360695473
47,1757,0.01803778,0.0,0.0,0.017011264196278825,0.0,0.0,17.57184831895633,31.135738420804223,18.732729360695473
48,1758,0.01886288,0.0,0.0,0.017789429463186207,0.0,0.0,17.57219299175966,31.135738420804223,18.732729360695473
49,1759,0.019537879999999997,0.0,0.0,0.018426039308290846,0.0,0.0,17.5725534653403,31.135738420804223,18.732729360695473
50,1760,0.02040048,0.0,0.0,0.019239576062676872,0.0,0.0,17.57292687544882,31.135738420804223,18.732729360695473
51,1761,0.02130048,0.0,0.0,0.020088387813426513,0.0,0.0,17.57331681199519,31.135738420804223,18.732729360695473
52,1762,0.022200579999999998,0.0,0.0,0.02093729738522393,0.0,0.0,17.57372399519275,31.135738420804223,18.732729360695473
53,1763,0.023156830000000003,0.0,0.0,0.02183916558577573,0.0,0.0,17.57414843265142,31.135738420804223,18.732729360695473
54,1764,0.024450700000000002,0.0,0.0,0.023059447155698132,0.0,0.0,17.574591203994572,31.135738420804223,18.732729360695473
55,1765,0.02580072,0.0,0.0,0.02433268963185164,0.0,0.0,17.575058772484876,31.135738420804223,18.732729360695473
56,1766,0.02718835,0.0,0.0,0.02564140856354509,0.0,0.0,17.575552221489946,31.135738420804223,18.732729360695473
57,1767,0.02874472,0.0,0.0,0.027109273835422873,0.0,0.0,17.576072280821553,31.135738420804223,18.732729360695473
58,1768,0.030001069999999998,0.0,0.0,0.02829419653616951,0.0,0.0,17.576622190067308,31.135738420804223,18.732729360695473
59,1769,0.03123877,0.0,0.0,0.029461537180488547,0.0,0.0,17.57719622158861,31.135738420804223,18.732729360695473
60,1770,0.03275762,0.0,0.0,0.030894040307081316,0.0,0.0,17.577794029669814,31.135738420804223,18.732729360695473
61,1771,0.03465161,0.0,0.0,0.03268035160396385,0.0,0.0,17.578421007453002,31.135738420804223,18.732729360695473
62,1772,0.03663934,0.0,0.0,0.034555082409171954,0.0,0.0,17.579084351778125,31.135738420804223,18.732729360695473
63,1773,0.03881458,0.0,0.0,0.036606670286468176,0.0,0.0,17.579785877164046,31.135738420804223,18.732729360695473
64,1774,0.040783570000000005,0.0,0.0,0.038463755303638075,0.0,0.0,17.580529196560036,31.135738420804223,18.732729360695473
65,1775,0.042658879999999996,0.0,0.0,0.04023250340644141,0.0,0.0,17.581310384071646,31.135738420804223,18.732729360695473
66,1776,0.044852981300000004,0.0,0.0,0.042301925924602246,0.0,0.0,17.582127668634637,31.135738420804223,18.732729360695473
67,1777,0.04714084,0.0,0.0,0.04445979158044958,0.0,0.0,17.58298718376187,31.135738420804223,18.732729360695473
68,1778,0.049616311999999996,0.0,0.0,0.04679462067535209,0.0,0.0,17.583890756084475,31.135738420804223,18.732729360695473
69,1779,0.05194178,0.0,0.0,0.04898799855828072,0.0,0.0,17.584842015178562,31.135738420804223,18.732729360695473
70,1780,0.05445488,0.0,0.0,0.051358361106410094,0.0,0.0,17.58583812058337,31.135738420804223,18.732729360695473
71,1781,0.05700546,0.0,0.0,0.05376409761951556,0.0,0.0,17.58688270809146,31.135738420804223,18.732729360695473
72,1782,0.059631050000000005,0.0,0.0,0.05624060597297567,0.0,0.0,17.587976537791686,31.135738420804223,18.732729360695473
73,1783,0.06270693,0.0,0.0,0.05914183259300711,0.0,0.0,17.58912109301725,31.135738420804223,18.732729360695473
74,1784,0.06585783,0.0,0.0,0.06211384972974139,0.0,0.0,17.59032506745846,31.135738420804223,18.732729360695473
75,1785,0.0691307151,0.0,0.0,0.0652009557514692,0.0,0.0,17.591589959788685,31.135738420804223,18.732729360695473
76,1786,0.07309755,0.0,0.0,0.06894260826331107,0.0,0.0,17.592918176092486,31.135738420804223,18.732729360695473
77,1787,0.076989376,0.0,0.0,0.07261356822062882,0.0,0.0,17.59432312428125,31.135738420804223,18.732729360695473
78,1788,0.08112508999999998,0.0,0.0,0.07651461056166439,0.0,0.0,17.595803448434136,31.135738420804223,18.732729360695473
79,1789,0.08584246999999999,0.0,0.0,0.0809643262996363,0.0,0.0,17.597363930381952,31.135738420804223,18.732729360695473
80,1790,0.09001603,0.0,0.0,0.08490119683639952,0.0,0.0,17.599015866362112,31.135738420804223,18.732729360695473
81,1791,0.09449003999999998,0.0,0.0,0.08912151616561602,0.0,0.0,17.600748905093074,31.135738420804223,18.732729360695473
82,1792,0.09887048000000001,0.0,0.0,0.09325365893858044,0.0,0.0,17.602568947605395,31.135738420804223,18.732729360695473
83,1793,0.10331693,0.0,0.0,0.09744814186461696,0.0,0.0,17.604474316784458,31.135738420804223,18.732729360695473
84,1794,0.10836358,0.0,0.0,0.10220881972938259,0.0,0.0,17.60646641548713,31.135738420804223,18.732729360695473
85,1795,0.1138139051,0.0,0.0,0.10735034847042059,0.0,0.0,17.608556963692227,31.135738420804223,18.732729360695473
86,1796,0.119770661,0.0,0.0,0.1129696653387542,0.0,0.0,17.610753919825413,31.135738420804223,18.732729360695473
87,1797,0.125756057,0.0,0.0,0.11861612758381605,0.0,0.0,17.613067254551712,31.135738420804223,18.732729360695473
88,1798,0.13271724,0.0,0.0,0.12518312191879513,0.0,0.0,17.615497735705205,31.135738420804223,18.732729360695473
89,1799,0.13985726999999998,0.0,0.0,0.13191898198549462,0.0,0.0,17.61806446735658,31.135738420804223,18.732729360695473
90,1800,0.14735335630000002,0.0,0.0,0.13899087575280442,0.0,0.0,17.620771189646067,31.135738420804223,18.732729360695473
91,1801,0.156604101,0.0,0.0,0.1477180687507757,0.0,0.0,17.62362510148113,31.135738420804223,18.732729360695473
92,1802,0.1660441,0.0,0.0,0.1566240456771327,0.0,0.0,17.626660559369157,31.135738420804223,18.732729360695473
93,1803,0.17690069960000002,0.0,0.0,0.16686655967278308,0.0,0.0,17.62988167228659,31.135738420804223,18.732729360695473
94,1804,0.18864079700000003,0.0,0.0,0.17794282094153044,0.0,0.0,17.633316430041322,31.135738420804223,18.732729360695473
95,1805,0.19996279400000003,0.0,0.0,0.1886250953332262,0.0,0.0,17.636982590303777,31.135738420804223,18.732729360695473
96,1806,0.210873973,0.0,0.0,0.19892025751289777,0.0,0.0,17.640872683269713,31.135738420804223,18.732729360695473
97,1807,0.221130761,0.0,0.0,0.2085985411465324,0.0,0.0,17.644979387974395,31.135738420804223,18.732729360695473
98,1808,0.23155803,0.0,0.0,0.21843806757265394,0.0,0.0,17.64929063496105,31.135738420804223,18.732729360695473
99,1809,0.2419182,0.0,0.0,0.22821474482772075,0.0,0.0,17.65381044113438,31.135738420804223,18.732729360695473
100,1810,0.25337746,0.0,0.0,0.23902873777037426,0.0,0.0,17.65853822696854,31.135738420804223,18.732729360695473
101,1811,0.26611402999999995,0.0,0.0,0.25104826805459385,0.0,0.0,17.66349627481957,31.135738420804223,18.732729360695473
102,1812,0.27881483,0.0,0.0,0.2630346840858658,0.0,0.0,17.66871051238296,31.135738420804223,18.732729360695473
103,1813,0.29266104961,0.0,0.0,0.27610237313411756,0.0,0.0,17.67418126903189,31.135738420804223,18.732729360695473
104,1814,0.3081974614,0.0,0.0,0.29076541138993917,0.0,0.0,17.679932149238066,31.135738420804223,18.732729360695473
105,1815,0.3244823078,0.0,0.0,0.30613545999047176,0.0,0.0,17.68599768029274,31.135738420804223,18.732729360695473
106,1816,0.34308655,0.0,0.0,0.3236947962198052,0.0,0.0,17.69239409126577,31.135738420804223,18.732729360695473
107,1817,0.36220773810000007,0.0,0.0,0.3417430630981577,0.0,0.0,17.699168839348452,31.135738420804223,18.732729360695473
108,1818,0.381950805,0.0,0.0,0.36037938301630423,0.0,0.0,17.70633411597474,31.135738420804223,18.732729360695473
109,1819,0.40274002099999995,0.0,0.0,0.3800042078078161,0.0,0.0,17.713904384931077,31.135738420804223,18.732729360695473
110,1820,0.423902142,0.0,0.0,0.39998246770456375,0.0,0.0,17.72190276357054,31.135738420804223,18.732729360695473
111,1821,0.445953834,0.0,0.0,0.42080181477392375,0.0,0.0,17.730339261893523,31.135738420804223,18.732729360695473
112,1822,0.46788957100000006,0.0,0.0,0.44151359782925736,0.0,0.0,17.73923441501694,31.135738420804223,18.732729360695473
113,1823,0.48948838,0.0,0.0,0.4619093774396681,0.0,0.0,17.748588946579645,31.135738420804223,18.732729360695473
114,1824,0.5118330449999999,0.0,0.0,0.483011019046573,0.0,0.0,17.75839928209981,31.135738420804223,18.732729360695473
115,1825,0.536282205,0.0,0.0,0.5061008919983465,0.0,0.0,17.76868372063929,31.135738420804223,18.732729360695473
116,1826,0.562054349,0.0,0.0,0.5304418335098973,0.0,0.0,17.779488290831168,31.135738420804223,18.732729360695473
117,1827,0.590294413,0.0,0.0,0.5571147382432258,0.0,0.0,17.79084386231005,31.135738420804223,18.732729360695473
118,1828,0.620100995,0.0,0.0,0.5852693494893133,0.0,0.0,17.802805061556658,31.135738420804223,18.732729360695473
119,1829,0.651126689,0.0,0.0,0.6145781770756477,0.0,0.0,17.815409019871826,31.135738420804223,18.732729360695473
120,1830,0.683452203,0.0,0.0,0.6451177915261097,0.0,0.0,17.828686465305548,31.135738420804223,18.732729360695473
121,1831,0.716692734,0.0,0.0,0.6765253870300355,0.0,0.0,17.842670429189983,31.135738420804223,18.732729360695473
122,1832,0.751701797,0.0,0.0,0.7096070712883648,0.0,0.0,17.857386746012818,31.135738420804223,18.732729360695473
123,1833,0.7881523970000001,0.0,0.0,0.7440547239903996,0.0,0.0,17.872879524241867,31.135738420804223,18.732729360695473
124,1834,0.8273480449,0.0,0.0,0.7810995461839129,0.0,0.0,17.889187062675706,31.135738420804223,18.732729360695473
125,1835,0.8694153490000001,0.0,0.0,0.8208619531528354,0.0,0.0,17.906375729860926,31.135738420804223,18.732729360695473
126,1836,0.9129477859999999,0.0,0.0,0.8620148746087535,0.0,0.0,17.924516016512232,31.135738420804223,18.732729360695473
127,1837,0.9594019500000001,0.0,0.0,0.9059344602700155,0.0,0.0,17.94365052193515,31.135738420804223,18.732729360695473
128,1838,1.0071255479999999,0.0,0.0,0.9510615453763732,0.0,0.0,17.963853825441497,31.135738420804223,18.732729360695473
129,1839,1.056839294,0.0,0.0,0.9980775782492975,0.0,0.0,17.98516739170204,31.135738420804223,18.732729360695473
130,1840,1.109385796,0.0,0.0,1.0477794325083118,0.0,0.0,18.007649423256023,31.135738420804223,18.732729360695473
131,1841,1.16250548,0.0,0.0,1.0980342298950083,0.0,0.0,18.031377987969094,31.135738420804223,18.732729360695473
132,1842,1.2195307459999998,0.0,0.0,1.1519906064535628,0.0,0.0,18.05638475415811,31.135738420804223,18.732729360695473
133,1843,1.2791230319999998,0.0,0.0,1.2083859340302479,0.0,0.0,18.08277507436007,31.135738420804223,18.732729360695473
134,1844,1.341121872,0.0,0.0,1.2670702240678018,0.0,0.0,18.110628317521474,31.135738420804223,18.732729360695473
135,1845,1.4076247392,0.0,0.0,1.3300270023088996,0.0,0.0,18.140023093398174,31.135738420804223,18.732729360695473
136,1846,1.4759254489999998,0.0,0.0,1.3947016113331319,0.0,0.0,18.171087348191644,31.135738420804223,18.732729360695473
137,1847,1.5468136097999998,0.0,0.0,1.4618420271174835,0.0,0.0,18.203893124827793,31.135738420804223,18.732729360695473
138,1848,1.6221025303999996,0.0,0.0,1.5331643187036736,0.0,0.0,18.238533240791483,31.135738420804223,18.732729360695473
139,1849,1.7003457516,0.0,0.0,1.6073043166535714,0.0,0.0,18.27514539709137,31.135738420804223,18.732729360695473
140,1850,1.7841160622,0.0,0.0,1.6866970560452106,0.0,0.0,18.31383969741193,31.135738420804223,18.732729360695473
141,1851,1.8742642610000002,0.0,0.0,1.772151176270519,0.0,0.0,18.354790338234466,31.135738420804223,18.732729360695473
142,1852,1.9685792610000001,0.0,0.0,1.8615807825746709,0.0,0.0,18.398198647037834,31.135738420804223,18.732729360695473
143,1853,2.0677038230000004,0.0,0.0,1.9555980517485412,0.0,0.0,18.444222807780736,31.135738420804223,18.732729360695473
144,1854,2.170428027,0.0,0.0,2.053063462888099,0.0,0.0,18.493043819688257,31.135738420804223,18.732729360695473
145,1855,2.275283949,0.0,0.0,2.152592888107715,0.0,0.0,18.54482251969077,31.135738420804223,18.732729360695473
146,1856,2.3856262703,0.0,0.0,2.2573646729444437,0.0,0.0,18.599692499437317,31.135738420804223,18.732729360695473
147,1857,2.501254062,0.0,0.0,2.367195183728512,0.0,0.0,18.65787700337616,31.135738420804223,18.732729360695473
148,1858,2.6246626650000002,0.0,0.0,2.484453375939392,0.0,0.0,18.719606115864618,31.135738420804223,18.732729360695473
149,1859,2.75720827,0.0,0.0,2.6104325941028814,0.0,0.0,18.78518530504093,31.135738420804223,18.732729360695473
150,1860,2.8947644813,0.0,0.0,2.7412365667595835,0.0,0.0,18.854971683588854,31.135738420804223,18.732729360695473
151,1861,3.041821352,0.0,0.0,2.881127002086937,0.0,0.0,18.929236489308146,31.135738420804223,18.732729360695473
152,1862,3.1950789361000003,0.0,0.0,3.0269910694218174,0.0,0.0,19.008385312053615,31.135738420804223,18.732729360695473
153,1863,3.3740955902999996,0.0,0.0,3.197374394580044,0.0,0.0,19.092761208150772,31.135738420804223,18.732729360695473
154,1864,3.574076924,0.0,0.0,3.387764626503792,0.0,0.0,19.183258282093497,31.135738420804223,18.732729360695473
155,1865,3.779739249099999,0.0,0.0,3.583701786652639,0.0,0.0,19.280698708875143,31.135738420804223,18.732729360695473
156,1866,3.9950835319999993,0.0,0.0,3.7889977385240776,0.0,0.0,19.385535822811377,31.135738420804223,18.732729360695473
157,1867,4.199410672599999,0.0,0.0,3.984038293661996,0.0,0.0,19.49837157999184,31.135738420804223,18.732729360695473
158,1868,4.398785844,0.0,0.0,4.174578231787787,0.0,0.0,19.61925289064904,31.135738420804223,18.732729360695473
159,1869,4.608486624999999,0.0,0.0,4.375126726401865,0.0,0.0,19.748408585556454,31.135738420804223,18.732729360695473
160,1870,4.8286407748,0.0,0.0,4.585831338358808,0.0,0.0,19.886544961235543,31.135738420804223,18.732729360695473
161,1871,5.061702498,0.0,0.0,4.809052277227243,0.0,0.0,20.034427369658456,31.135738420804223,18.732729360695473
162,1872,5.305224260999999,0.0,0.0,5.042497832491434,0.0,0.0,20.19295999689281,31.135738420804223,18.732729360695473
163,1873,5.559994570000001,0.0,0.0,5.286951158747004,0.0,0.0,20.363042435212794,31.135738420804223,18.732729360695473
164,1874,5.82293496,0.0,0.0,5.539520818554438,0.0,0.0,20.545675421487164,31.135738420804223,18.732729360695473
165,1875,6.0922437699000005,0.0,0.01201635312,5.798526153637577,0.0,0.011374890101524305,20.74183989174436,31.135738420804223,18.732729360695473
166,1876,6.373631239000002,0.0,0.084123525,6.069437457226918,0.0,0.07963391165464126,20.952536247945197,31.135738420804223,18.73736523145478
167,1877,6.659604565,0.0,0.100016744,6.345161596487948,0.0,0.09468815244645154,21.179053856771915,31.135738420804223,18.769827447817075
168,1878,6.951971134,0.0,0.12297363500000001,6.627454149292614,0.0,0.116435419403282,21.4225185787071,31.135738420804223,18.80843988407624
169,1879,7.254346634,0.0,0.12684969699999998,6.919801633653489,0.0,0.1201223901359645,21.684217747944835,31.135738420804223,18.855940358265006
170,1880,7.5674800737000005,0.0,0.12743248399999998,7.2229664119634185,0.0,0.12069179594557335,21.965689359181894,31.135738420804223,18.904966818085352
171,1881,7.904081893,0.0,0.13105452,7.549139570091067,0.0,0.12414026396252958,22.268637417544443,31.135738420804223,18.954247469254344
172,1882,8.259329123999999,0.0,0.13525685,7.893798527735178,0.0,0.1281399257753579,22.59545222314642,31.135738420804223,19.0049585650607
173,1883,8.63725243,0.00632595,0.14657078999999998,8.260877850231553,0.0061227767232174225,0.1388797433099282,22.948554164613874,31.135738420804223,19.05732677311728
174,1884,9.035277016,0.0442816,0.14399773,8.648008522037493,0.04285961005241288,0.13646414735925763,23.330782536817274,31.140585821396645,19.114110359823414
175,1885,9.4350986244,0.0527869,0.13907829000000002,9.037750098511921,0.051093631271082886,0.13182326728837793,23.7451456584932,31.174555520055247,19.169931718780877
176,1886,9.843713692720002,0.0658631,0.14312069,9.43684892037607,0.06375312685970945,0.13567574623286668,24.194067321215375,31.215136696446308,19.223877906482635
177,1887,10.261463234699997,0.0680424,0.13744763999999998,9.845691447255165,0.06586615069257838,0.13031840006188072,24.680518362640303,31.265903115032042,19.27942406105349
178,1888,10.696563053199998,0.0680424,0.14082969,10.272226731526558,0.0658698058172093,0.13354519411121538,25.207747974569596,31.318504182221453,19.332798336371418
179,1889,11.160651659000001,0.07124485,0.19931717999999998,10.727728205520485,0.06897382730805993,0.18903648267180345,25.779734429491008,31.371262934910327,19.38751561660506
180,1890,11.64819789,0.09018297430000001,0.21513648000000002,11.207003198845022,0.08731334279015124,0.20408400637999932,26.40149150368706,31.42667411843154,19.465007327471678
181,1891,12.165862334000002,0.0949976954,0.22703234,11.716576453866887,0.09198161437725047,0.21541866806304116,27.07822095454121,31.49706346860593,19.54871303687357
182,1892,12.701204266400001,0.1051974198,0.22445181999999997,12.244589882484089,0.10186538366212669,0.21302184130101515,27.816040654424594,31.57151226671367,19.637116210893236
183,1893,13.2577975219,0.10310255750000001,0.23712861,12.794576277952649,0.09984541694592458,0.22510662558710315,28.620875435080155,31.654316351499045,19.724581388211995
184,1894,13.837141403000002,0.09812887850000002,0.30871205,13.3680761998616,0.09503682630299062,0.2931339511284763,29.499398613282484,31.73584152133982,19.817055505040845
185,1895,14.421835733000002,0.0904291196,0.33643512,13.948351450900885,0.08758666788046937,0.3195606702345687,30.45895350329924,31.813775051536325,19.93754609345633
186,1896,15.016555203,0.08466019159999999,0.44757591,14.539932680330825,0.0820050925961325,0.4252740322119771,31.506180444231745,31.885888803649653,20.068978686645387
187,1897,15.6178544224,0.0887397175,0.47026587,15.139489603434896,0.0859625796350357,0.44703599285904955,32.648417699670595,31.9536594201962,20.24401020920593
188,1898,16.237022048,0.09424446142,0.48572909000000003,15.757955788843281,0.09130161773889486,0.461951608833815,33.89306121575217,32.02496348178723,20.428113752047707
189,1899,16.882654036199995,0.0901045611,0.49503263,16.403695419961736,0.0872976521279494,0.47102343114641554,35.248669642475896,32.10099151671952,20.618456826438152
190,1900,17.548984409200003,0.09485959969999999,0.49388938,17.071133617410595,0.0919112660345207,0.4701590843766748,36.724820196455944,32.17397027028115,20.812609663174225
191,1901,18.2471961292,0.15175895053000002,0.48642534,17.771150613265387,0.14705340827404004,0.463269338484288,38.330780394760076,32.25110779481035,21.0064479253876
192,1902,18.9609064759,0.1593085212,0.50647356,18.487792519922575,0.15438782086574954,0.48258043154732266,40.07682765715062,32.3751723085301,21.19745687565028
193,1903,19.696714371,0.17603546679999998,0.53592944,19.22742513078215,0.17062003777005746,0.5108818079600926,41.97137433165235,32.506282665081464,21.396411411111714
194,1904,20.452806278,0.21119092618,0.51988066,19.988209155070507,0.2047230343881896,0.49581988708376895,44.02267097358633,32.65220460976309,21.60698086507839
195,1905,21.2119005253,0.23328485545,0.51316365,20.753141040318265,0.2261787351022031,0.48963617500075957,46.23751926599317,32.82872285188992,21.811250464257924
196,1906,21.986445254999996,0.35363267839,0.5922301000000001,21.5342247733699,0.34292483082092795,0.5653262644544976,48.61886214385159,33.02556149672989,22.012850137979907
197,1907,22.7633661758,0.40586386974,0.61202679,22.31849342341413,0.3936858883870932,0.5845143136917008,51.168263405028284,33.32768034195763,22.245427243326013
198,1908,23.554019639,0.50181386457,0.6145242,23.116881196580074,0.48691440792079704,0.5871945571834128,53.882288431575624,33.68001104905008,22.485628667895668
199,1909,24.35448489,0.5364339117200001,0.60472271,23.92536527101641,0.520713763904903,0.5781141197443594,56.754536060798316,34.12397377108806,22.72659709477883
200,1910,25.162188420799996,0.5559582348400001,0.6545686999999999,24.741226782817222,0.5398941948528105,0.6260638997598659,59.77311505479543,34.608867712191916,22.963455084255635
201,1911,25.981170062,0.60757690697,1.0643189100000001,25.568246876693475,0.5902782447908309,1.0184815656720623,62.920104722900305,35.12276849371864,23.219471494366253
202,1912,26.797233955000003,0.623275840165,1.13985995,26.392270087262492,0.6058160335989797,1.0916318281686965,66.17191332331329,35.697751736722964,23.63475720632669
203,1913,27.615159493600004,0.64266802234,1.33830892,27.21780106839009,0.6249647704045587,1.2827263416863062,69.49685156169056,36.302258177403175,24.07784886204675
204,1914,28.238965795,0.676620993738,1.65303969,27.85137578242977,0.6583048776162103,1.5858303493398993,72.85782625754086,36.941291987828066,24.595386203235623
205,1915,28.711088350899995,0.701524537617,1.81995184,28.334252353072937,0.682882591213278,1.7478167583700004,76.1898770724026,37.63150705534371,25.229774457524417
206,1916,29.128458582799997,0.7066522418589999,2.10413183,28.761755254831108,0.6882336130597283,2.0229564013616392,79.43330851164563,38.36616990114593,25.920797281822484
207,1917,29.5102642584,0.701965683905,2.21837761,29.152746099469862,0.6840245135716401,2.135318034522905,82.5420010740393,39.125969536098914,26.708270506532507
208,1918,29.528221817000002,0.7113973964,2.34344502,29.18276392786795,0.6935681177007055,2.258300315011522,85.47560425147137,39.90051467579283,27.523085790444952
209,1919,29.434859981999995,0.7335258158,2.4657582499999995,29.10101983430614,0.7155055938309609,2.3788264580139593,88.17052168630326,40.70570368446526,28.36428645570707
210,1920,29.568578367900002,0.74762023874,2.5954036420000004,29.242219265426815,0.7296301617525919,2.5065966111998454,90.60135949580149,41.557367389994056,29.225204565622057
211,1921,29.713708191,0.7662806531359999,3.01864086,29.393437799857608,0.7482283694463072,2.9183605580587595,92.7769441471391,42.44785126956117,30.102032019895404
212,1922,29.75372765867,0.765331948103,3.295716521,29.43950958830105,0.7476911160118005,3.1896799125556847,94.69133211763966,43.384118399086084,31.080931098722708
213,1923,30.288655179100004,0.759387497395,3.752924822312,29.974255367276776,0.7422621967271406,3.6359973438866766,96.33801942645657,44.343016927008456,32.09617510659687
214,1924,31.023143381999997,0.8163813343920001,4.0001957131,30.70575344983977,0.79836679258072,3.8796385536075113,97.74457296376502,45.31790721875648,33.18090547205724
215,1925,31.915109918300004,0.8221814244192001,4.475062509,31.592461506364067,0.8044588966049019,4.344407483327572,98.91606075729602,46.391882299988836,34.250978758518414
216,1926,32.7570234103,0.810703703303,5.0203799865,32.42897599330399,0.7936364108331306,4.878328209449149,99.85453843917273,47.50042836227343,35.34190202142162
217,1927,33.240098238,0.796765069898,5.178287770000001,32.90954223541798,0.7803773699986812,5.03616145184864,100.55814439416261,48.61970104365434,36.4344045308015
218,1928,33.5056495208,0.8185164714475,5.207287569199999,33.17400151790038,0.8020621429975404,5.0681359583242305,101.0277439570212,49.744750989792564,37.421683704753654
219,1929,33.60910139975,1.0099834420145,5.636775452699999,33.2772507483201,0.990151041443456,5.489527208871173,101.27779244950321,50.925929939571255,38.280765231079094
220,1930,33.42970624065,1.0837761575462,6.035282081700001,33.09979436858151,1.0631005732428487,5.880818806866048,101.32920052574006,52.418163455266274,39.072602132694115
221,1931,32.802964977,1.080091919014,6.366683266,32.47884666589586,1.0601127591485215,6.206629670935938,101.20676263322818,54.06092780108651,39.77844586028645
222,1932,32.5020437505935,1.0774169937675,6.568215844999999,32.180051456368346,1.058087413442014,6.40557457488144,100.94043967358672,55.73928536601145,40.38468120798607
223,1933,32.328163963,1.1415693287342,6.655681591999999,32.00666136920002,1.1216995712124143,6.492885926964385,100.55335349210809,57.4526049189352,40.88365369276824
224,1934,32.579665695299994,1.1996206478990001,6.734223904,32.25407752076748,1.1793937736288,6.571089234017133,100.06403255301949,59.308256524162786,41.28015157481409
225,1935,33.2595918153,1.306539534466,6.958310099000001,32.92526179739802,1.285225674401657,6.791001278808765,99.48132095351068,61.29999589571218,41.589619071168116
226,1936,34.35676129702,1.716085779891,8.552308158999999,34.00904960489047,1.689066675778962,8.347858918383235,98.80818527155417,63.513792788060094,41.830960747029984
227,1937,35.463342142877,2.055029977135,9.275712080000002,35.101632281865115,2.0241197221496443,9.055080509905263,98.04361441423842,66.48376010190161,42.041635637261955
228,1938,36.908314405300004,2.156689268909,9.594330727000001,36.52857495133689,2.125930767681045,9.366916002339353,97.19378384339753,70.1168516933094,42.18869618630397
229,1939,38.16870304317,2.296869906135,10.945478753000002,37.77217207537005,2.2658289500512203,10.686570848256805,96.25655028897121,73.99481832762356,42.2755680783733
230,1940,39.103045048955,2.433868650898,11.771130875,38.6924826142563,2.402731360241373,11.492967598019687,95.24262753764131,78.16571704128027,42.31734326250802
231,1941,39.419385527,2.672172766152,12.722550754000002,39.00077718188012,2.6398185051093943,12.421892359850107,94.16770111382091,82.59106158020876,42.31563462571141
232,1942,39.138799337500004,3.240126436573,13.762727454,38.71820774945019,3.2030560441135925,13.437199416783521,93.056543329782,87.40469743127134,42.27816310902808
233,1943,38.7019569555,3.4644504909919993,14.438229015,38.280980748789595,3.427238130712812,14.096182742499751,91.93383459346721,93.09945579908937,42.21133272250329
234,1944,38.35100504850001,3.522225824794,15.403919863,37.92868797731847,3.4866187185808193,15.038234021192524,90.81092777330521,98.9191821347775,42.12336957554354
235,1945,38.24932348730001,3.7326963463700005,16.456261022999996,37.822865738985826,3.696962183501632,16.064610761436153,89.69076922274802,104.45736087676144,42.017745519409694
236,1946,38.40840627365701,4.526303158784,18.3429860927,37.97475733471379,4.485091628775498,17.905178698127077,88.5702761483924,109.83099044976669,41.89738757289309
237,1947,38.35772362454,5.637567119441,19.802017120400002,37.91907456083795,5.588796605624533,19.327813239921042,87.44512823260662,115.59376103061365,41.75844596716354
238,1948,38.68000015951,6.057679182001,22.0771574325,38.23192174110003,6.007857030388888,21.546530363714545,86.3241757921933,121.58606134000252,41.60578819137925
239,1949,39.143136166,6.243228149313,23.491760802900004,38.683703069091834,6.19392754304082,22.92479755571037,85.1987730736428,126.63593049637738,41.43436266697367
240,1950,39.7013210435,6.5518958789460005,25.072999892200002,39.22906191572728,6.501699757141906,24.465195148996127,84.06681567117656,130.52593793035845,41.25173449623733
241,1951,40.350298771400006,7.753428546296999,26.98734192,39.86372473525438,7.695324591571249,26.330031407331198,82.92735693633422,133.44063382420137,41.05721938087722
242,1952,41.06678302160001,8.844229139535,28.316386874400003,40.56461798091178,8.779063117980439,27.623184425558755,81.77945435093781,135.71841472829593,40.84865384092836
243,1953,41.806421882150005,9.35179567018,30.606064015399998,41.28787814289512,9.283648706216065,29.85279265952905,80.62274928287478,137.2298210545233,40.630861344797246
244,1954,42.5336332557,9.77685689012,33.561780637800005,41.998336569555214,9.706016832263243,32.73097614390994,79.45805448942362,138.0131127206233,40.39672496311905
245,1955,43.208930265000006,10.887166749251998,36.2414242952,42.657000914845995,10.808438702409626,35.33858277765779,78.2870674533667,138.28828715959318,40.14151275836241
246,1956,43.952162093,11.734517759483,38.492747279,43.38218702009404,11.649619693128242,37.52723586217323,77.11242856448843,138.21890489765062,39.86772875820502
247,1957,44.83381300490001,12.319187528725,40.5483962272,44.2433771043678,12.229855599262311,39.52390302422294,75.93341286410346,137.90352008315548,39.57898023078242
248,1958,45.78598353890001,14.071506922897997,42.739174940939996,45.1734411847103,13.96912062490726,41.651029309231454,74.74745742189164,137.43544985063113,39.2770725677899
249,1959,46.89063833270001,15.829535771928,46.7184872001,46.25313792586862,15.713839272598952,45.51938880232044,73.55389554300724,136.81948774360055,38.96134569657618
250,1960,48.07081926398,17.504817749748,50.20384586413999,47.406399036982556,17.376183807953595,48.90387219306641,72.35002384140915,136.08241732749931,38.61912512634128
251,1961,49.2765653597,19.091989832294797,53.18367665769,48.583848936709245,18.950827316162805,51.793425426840784,71.13526361473006,135.2482964701647,38.25472366257399
252,1962,50.51320398120001,21.516514339511,57.34685881077001,49.790661417079384,21.356342534562863,55.83264810769141,69.9103506001441,134.33396936794233,37.8724431772776
253,1963,51.7737257165,23.818765610343604,63.16312432067,51.01984075595456,23.640089095218027,61.47717908914229,68.67589675623994,133.30663850032948,37.46451731616153
254,1964,53.04592502500001,25.9903732196437,66.47057777576,52.25927512511397,25.79374009230706,64.67506085650989,67.4326978655762,132.17698142565567,37.02030154275631
255,1965,54.338285056000004,27.9435943686665,71.206391468126,53.51723983801274,27.73021080954396,69.2586537739724,66.18184220012544,130.95476747868412,36.55851179646079
256,1966,55.670377184,30.109975704670504,76.966523856901,54.812910051413866,29.877740938195487,74.83272634105202,64.92421116608587,129.6531788142496,36.07020970135395
257,1967,57.000980198600004,31.9534451102177,82.313940955068,56.105586596884386,31.704324827083497,79.99848260164218,63.66024962584406,128.26512842795964,35.54973935647788
258,1968,58.42326504167001,34.6763899041729,88.48963828474801,57.48686496567001,34.4029347803617,85.96146520686995,62.39135017079046,126.80833849767053,35.00141626340687
259,1969,59.9226127827,36.4613330763038,96.45448612693599,58.94215317510884,36.1702156110136,93.65231854721495,61.11686021408074,125.24612029016562,34.42138394040562
260,1970,61.530139434499986,39.738211762280706,101.401090341107,60.501836185403874,39.41676823676649,98.40106579897731,59.83657008629,123.62424067714892,33.80008693832993
261,1971,63.173040179000004,41.6161112911762,104.78358436895351,62.09407645732809,41.27466119345024,101.62355129206267,58.549735185822776,121.8805077765051,33.15901505437738
262,1972,64.8052335697,43.3170328359651,108.51748992495001,63.673407753306215,42.956300251995195,105.17944850500095,57.257249862157906,120.08073226780805,32.50932995511049
263,1973,66.46735240310001,44.52447079382411,112.19513515970002,65.27960721634636,44.1478967040364,108.67251481079177,55.960952857885005,118.23561950033807,31.849908320228806
264,1974,68.2435264641,46.1062859132318,114.82934106940002,66.99505915646189,45.71007698316907,111.14681243688537,54.66184500514101,116.36861871319135,31.182199115988375
265,1975,70.12333418400002,47.455406571868494,120.57822839568,68.80916298435987,47.04082704752214,116.62656773813495,53.35936003102371,114.46635394424901,30.513305378450315
266,1976,72.1572966882,48.398484072516204,126.82099597658998,70.77107712637215,47.96843165746717,122.56901931771537,52.05329565040451,112.54089589753507,29.82636221953201
267,1977,74.04575144789999,49.72864938545801,128.97369032472,72.58651181721385,49.27906606463419,124.54472995918759,50.742694956196516,110.61052997770526,29.12053386804602
268,1978,75.7742073112,51.8259992922787,131.59054209107,74.24131188386141,51.34905065150454,126.96030907801652,49.432078640067004,108.66159343311534,28.419853108923828
269,1979,77.5728063036,52.652304935164004,130.76883361971,75.96093391875422,52.15869108459051,126.05173951364544,48.12589819945489,106.66699257727964,27.72232876414028
270,1980,79.311386639,54.489643510901004,133.30379634461002,77.61758388810176,53.96909858280486,128.37503786966204,46.824452609337456,104.67807977727004,27.046120645223404
271,1981,81.13789506500001,57.098687580977504,131.6585632889,79.35582796212297,56.542488931574326,126.6665382059742,45.53021316313429,102.65880300544887,26.37377839690984
272,1982,82.95104195420001,58.556917459782596,124.44037985019999,81.07615296764503,57.974751755351235,119.60326194733744,44.243175222133566,100.58462223737227,25.726141547336987
273,1983,84.72994168788,60.1039422446961,119.97956186440001,82.7578716848607,59.493756064441776,115.20494716508588,42.96497667839213,98.50098902542425,25.128637475529676
274,1984,86.463143455,61.790048661438604,118.0596649592,84.38956154037255,61.14912084476311,113.25378991303984,41.69748146676648,96.40718822588418,24.56569590870419
275,1985,88.207889499056,63.3777084700615,120.09179484359998,86.02682558013112,62.70562988163124,115.09298429944695,40.44259718098373,94.30103794570894,24.024074083797327
276,1986,89.910651535,66.1913395574768,123.86347510923997,87.61708843473878,65.47334008329557,118.58940770536272,39.201298418499974,92.18856271859671,23.4853796176705
277,1987,91.46310428199999,68.7472828169772,127.43201776971998,89.0546110816179,67.98370247277036,121.8775893342054,37.97523873743536,90.03280838559103,22.94241779314847
278,1988,93.0651678927,70.4025795910739,130.89006169776002,90.53397715325247,69.60115837827912,125.04594936768274,36.76734686261249,87.84716259950417,22.396910652131368
279,1989,94.89187123110001,71.93032222980294,135.19909411319003,92.22470039269493,71.09064125801433,129.01152112203846,35.57772523032095,85.66387073960463,21.85010088875384
280,1990,96.7680301228,74.45258267936414,137.32204555004,93.95536380592034,73.56081998390013,130.87479000262277,34.40437621130755,83.48923212203279,21.299302399305713
281,1991,98.15105814956999,77.85516148667939,139.78291000685198,95.19893989653822,76.89749177291579,133.04770414852123,33.24767158252234,81.29646408124489,20.75406646018913
282,1992,99.28250817290001,82.42671044121249,144.255001045743,96.19095848398966,81.38419289369392,137.11839581220698,32.114155735240416,79.06505807734999,20.213392267778232
283,1993,100.236792853,84.57017151382908,148.85668812482098,97.0040657710677,83.4685575929399,141.28905767218126,31.006883758676487,76.7693380686096,19.67018461807904
284,1994,101.19626704500001,86.04212577587735,150.757721007445,97.8149084685252,84.8869371407732,142.87494305538092,29.927694669549435,74.4831823662471,19.124948327127434
285,1995,101.328817018,87.92776499125554,152.042477032865,97.8197486489221,86.7103857164494,143.86293966488552,28.876273232780218,72.22709209112932,18.588151162199892
286,1996,100.734368606,89.63583351209208,152.31314580421,97.11869688488426,88.35517785727183,143.8803684561407,27.86048523645135,69.99214283301967,18.062038106470634
287,1997,99.75706942503,90.05846896165053,152.943467305815,96.04670784990705,88.72987801466017,144.22869956439436,26.88607765180521,67.78494853187074,17.5499189242745
288,1998,99.07993815520001,90.49153226620254,155.828415729344,95.26252201974907,89.11287502894203,146.68907486954112,25.95471246508362,65.63744041703663,17.050290400560115
289,1999,95.78244183322602,92.66747489403613,159.541142266923,91.96056242497406,91.20924982909281,149.90460835718432,25.06160755004968,63.54812924412098,16.55586373288125
290,2000,96.5383691965,96.33953321351903,162.579802966457,92.55370054023811,94.77246301719009,152.45936800542088,24.227452148321106,61.47748418622607,16.06450746360133
291,2001,99.40858078810001,99.64936178865595,163.101165864594,95.16303691501238,97.97165830031177,152.63172981120618,23.41480473638449,59.396289321067556,15.578791926602015
292,2002,103.573424518,100.82696677565947,162.80571574317702,98.99184177491584,99.06787696124374,152.02835878551574,22.60647255019959,57.317691199951405,15.106274792860377
293,2003,110.726544352443,102.36217394214903,165.763013616682,105.64593357454982,100.51075687906186,154.4472877229997,21.79394352234925,55.28855490370346,14.648906766929496
294,2004,119.42363923199999,104.35474812301416,169.713097221525,113.7252861140783,102.39694612740554,157.75932856887988,20.957570856113644,53.30199292731545,14.197455392778636
295,2005,128.4581956049,106.89862266103444,170.44279336522098,122.06451957056068,104.81686677110469,158.0466442962006,20.091445815360885,51.35021986878592,13.749656640640142
296,2006,137.66634309,109.58687339575837,170.267852792458,130.49611438346972,107.36963542796511,157.479361544796,19.199714364009093,49.424948962436275,13.314147032284732
297,2007,146.10819215269998,111.01940292404998,169.59852002746,138.11887731562896,108.68343923139494,156.44406482237582,18.287950235074813,47.52616801071278,12.892857772012515
298,2008,154.016813379,115.92773168473998,168.156451772426,145.14875513047832,113.38973897088721,154.68936662196984,17.36759153613755,45.676936364705575,12.486477206742107
299,2009,160.8422186198,121.28769067075,168.1028694630129,151.063099213962,118.51999960002031,154.2057051347058,16.447515562984087,43.822698260457656,12.096199303091257
300,2010,168.84151607340002,121.52725912079,168.9041788863111,157.97561302138192,118.63121897201214,154.49039317318045,15.538654750103083,41.96325081061936,11.71823851470491
301,2011,179.1176072124,122.51932702340702,172.47572787756562,166.88160565519274,119.47000942090685,157.28012374336038,14.638573424085282,40.179260737862485,11.350369906605025
302,2012,189.7882625348,123.689324602488,171.0475120279321,175.97607444977345,120.4730621677127,155.47882539189192,13.74063699150931,38.45747264437058,10.98663721780947
303,2013,200.218598555,124.238426353622,169.97024141053475,184.6364540756701,120.86183855374898,153.99173408645748,12.849232582883246,36.79407547414999,10.637429264397824
304,2014,210.116416845,125.203983613204,168.4265701021739,192.56495180949258,121.64661928781378,152.07672402579718,11.971446054213981,35.1957157493195,10.301416252812741
305,2015,216.3286060665,126.204593629317,167.0499997003738,196.8652788336048,122.4546619277236,150.30972073173524,11.114677540892435,33.655171259703565,9.978925680589155
306,2016,220.78554323100002,128.20424430806702,166.31130562877166,199.34296567785756,124.21910102989904,149.1109179180026,10.296595298947334,32.17054829883159,9.669044002109597
307,2017,223.453872338,128.444753949268,163.2651834935086,199.99098045562798,124.2648943196412,145.8411092377337,9.523714018640803,30.729441974283773,9.370092269860317
308,2018,224.48203957100003,129.171167592132,161.1286257113325,198.9742926016083,124.77016079110298,143.3941365471005,8.800543608981604,29.350367639043444,9.085608512271463
309,2019,224.211821932,127.962816783463,159.8354466356558,196.63122488492021,123.39694038798966,141.6997725765437,8.129331701894365,28.025904711377436,8.813317118221365
310,2020,222.41547968414997,128.239450373613,157.7415852684034,192.79968804236432,123.44952977606262,139.2950260974809,7.510029864281544,26.77277164869832,8.551274186518913
311,2021,219.477792671,135.518729160046,159.4086639645232,187.8632875188601,130.2194689974629,140.20350387210192,6.94231308112517,25.57314134469453,8.30030383487555
312,2022,214.86594646100002,137.0348964585158,157.8935764507968,181.41950076438064,131.41036352140443,138.28960616749487,6.4241787725359965,24.363782378149587,8.05416322148201
313,2023,209.267297102002,138.9406271088198,158.0690290141672,174.1223839437531,132.9515583879235,137.84928440262638,5.954412126720096,23.199037042945626,7.817558136908721
314,2024,202.751256569,138.5249799703543,156.2898104115191,166.08689879538082,132.24976285009478,135.6918963918563,5.529927943123117,22.074930208092123,7.587652335198807
315,2025,195.33790376917,139.0578170275487,154.72733466238267,157.39012558519443,132.4386680191477,133.72452490934006,5.147545208632438,21.008413143601604,7.366982631453286
316,2026,187.816204127,142.1215064807138,154.50315475811072,148.72182207348803,135.01173952213534,132.90894379188808,4.804173752380053,19.98961531492031,7.154841406327956
317,2027,180.06137840000002,143.2277614683478,154.1600129644,140.00894945381913,135.68922186950414,131.97585366465793,4.495641915798703,18.99940427325177,6.949103226381555
318,2028,172.41327524999997,144.4224333314505,153.2751645093,131.5422309866116,136.42168013644098,130.56678547883618,4.218470028289561,18.051104666187513,6.74971843228783
319,2029,165.23388620000003,145.53561568641055,152.2564622417,123.60382749578598,137.04601670667202,129.03654776902528,3.969100485156754,17.14281393429171,6.557150002463441
320,2030,158.4569476673,146.33272630437682,152.57759808618,116.13358788484226,137.34077703945982,128.62996221430927,3.74395956468885,16.273749105247862,6.37130107132621
321,2031,152.299506829,147.57405818076032,154.9914322053,109.27775086475,138.01883904864354,129.95382096979978,3.5400578943257703,15.444340536863074,6.190344228427886
322,2032,146.3461236238,148.3263230715453,155.54882624721,102.72000575857639,138.20214379998288,129.67484658927197,3.3545529784684156,14.650700969724578,6.011785906289383
323,2033,140.35598382080002,147.9369017843273,155.5076178884,96.2945900005176,137.28944541231945,128.86939981153233,3.185464000373751,13.894107345041876,5.837763526061111
324,2034,134.32648957633,147.93561133611428,156.19728811342,90.0134520973594,136.71001613631358,128.64354416910348,3.031308554284428,13.178420271090882,5.668822662687139
325,2035,128.52640918,148.0175593942195,156.41417895232001,84.0653967625046,136.17577957763038,127.99618368957876,2.890766588334028,12.499604087120614,5.504053945613623
326,2036,123.5295027612,147.6494751427633,156.54417312643,78.81127749908315,135.19528566733382,127.24993534331749,2.7623972560880743,11.855406201588378,5.343855480570803
327,2037,118.962187081,147.6376728978945,158.27786039901002,73.97563095810985,134.50952606159706,127.7705370822217,2.6443941775856326,11.24588829930645,5.188192315512292
328,2038,115.086756435,148.03635594288068,159.823438437434,69.69697571809488,134.159359997158,128.08356235565836,2.535521313768689,10.667752337890528,5.0354146949301155
329,2039,111.38405315800001,148.22402664849477,160.5468937113264,65.63102348364684,133.57433716953554,127.68638785946696,2.43446289679121,10.117895458561298,4.88570974637756
330,2040,107.7685175,148.54675857763186,162.657515600944,61.72329833479611,133.0662628281741,128.34019395560404,2.340493094697659,9.595736530778426,4.739807997895769
331,2041,104.88568195600001,148.11617102579356,164.0305853054329,58.332463962746786,131.83872970152387,128.34407377291575,2.253027534448869,9.099475038804279,4.5964309275780595
332,2042,102.450820479671,148.34472180012926,165.34877487642677,55.26110770759331,131.15571083826686,128.24373831010547,2.171041408420937,8.63020694612764,4.4562353302329525
333,2043,100.571578848,148.37998522618858,166.4910386608841,52.539449663581166,130.25053124382023,127.94466967756028,2.093839697629404,8.184470716575039,4.319240516088884
334,2044,98.91681045074,148.53601098905636,166.2527962544681,49.965658482255016,129.3988617898316,126.53217982323929,2.020724875165822,7.761658199073542,4.18555428368826
335,2045,96.9708572,148.65346516855948,165.13141130543798,47.27544394380322,128.45674575619068,124.42042872451677,1.9513039704505968,7.3602777824165635,4.0561883019454585
336,2046,94.7544170935,148.04442443353784,165.0004580584013,44.50186521541181,126.83267960802195,123.03326292415484,1.8855642858371164,6.97936099322924,3.9316532241573654
337,2047,92.57638765,147.21859328775412,165.5951287243798,41.80695843755297,124.9787874634792,122.14365466217225,1.8234671747560882,6.619598860304075,3.811035926820449
338,2048,90.54647298997,145.48353708536573,166.0909317427289,39.23875639313236,122.31823556239308,121.12497773915186,1.7647730009398013,6.280234985980749,3.6937041684808105
339,2049,86.97854751,143.92608562494775,165.25026147987148,36.089908375791,119.78537611678755,119.08645184779633,1.7091938198742316,5.961965847619231,3.579649573917611
340,2050,82.03339764,142.34562371236183,164.0221974375498,32.53976856632501,117.20944528529641,116.74902351450157,1.6574536799046824,5.6629779314062745,3.4696675476993963
341,2051,76.7997462333,140.05161632957942,162.388767923486,29.100744345505703,114.02950664017061,114.11401547562008,1.6100912638373739,5.382023902027499,3.3638446535558493
342,2052,71.57761436999999,137.51072593148598,160.82661874032812,25.8988502715365,110.64899135243236,111.52740754392836,1.5669779115676132,5.119204998723901,3.2622554162098445
343,2053,67.791141936,135.0991557327194,159.0408594897866,23.42045275282947,107.37880378735804,108.7857055809269,1.5278361274972638,4.873645038815124,3.1646676434065917
344,2054,65.1824500617,132.5277936526782,158.060858437186,21.48472402370919,103.98954609085165,106.5925815769402,1.4916668662582204,4.643865863366833,3.0710345882838848
345,2055,62.504807409,129.85560988853126,156.91804949203402,19.625662602221247,100.53614279988162,104.27376595578077,1.4576971553574136,4.428989432035135,2.9807234318987956
346,2056,59.5211597587,126.95111087518093,155.759766351049,17.776816114355107,96.92548796442884,101.93242786022608,1.4258496975257469,4.228092494617988,2.893692512357911
347,2057,56.6270160827135,124.50191171855322,153.33096788976297,16.0681744969932,93.68842954644029,98.76123806420568,1.396169463149815,4.04050120084224,2.8098172444671268
348,2058,53.977655028,122.17975339317258,150.691391215096,14.534896268628396,90.56476668022668,95.4854926530804,1.3685060762940398,3.8646150480000565,2.7296248252497275
349,2059,51.464599123999996,119.86986662946364,148.398785866868,13.133909619634304,87.46783328734541,92.46347920781328,1.3426473614083674,3.6994550731990365,2.6530432160032764
350,2060,48.888053833154004,117.05576641994989,146.33721024614508,11.808044321272423,84.02908577655668,89.61135415462094,1.3184477155403307,3.5442788720993117,2.5797267829689123
351,2061,46.17313331427,114.83290026743724,144.0969538912207,10.54196817395027,81.04887224102967,86.67438417788776,1.2958636949545366,3.3990292743564257,2.509413190851381
352,2062,43.2234515362,112.14326486503543,141.5934657679979,9.3197582628592,77.7679907315284,83.6120465182365,1.2748891746902253,3.2623235069920393,2.4420489805202656
353,2063,40.349448963,109.18841438249922,139.7926315630465,8.212893030258414,74.34988246340168,80.99736036443576,1.2555623274456396,3.134127885642766,2.3776169190686485
354,2064,37.8705510188,106.36711767599087,138.5643264537798,7.275133218807484,71.07788242234614,78.726701304576,1.2377850587420076,3.0141519619642403,2.31567222309162
355,2065,35.691603799,103.44959018808163,137.5652645692267,6.4680254025103565,67.798140675078,76.58409339543232,1.2213290006704758,2.9016938049138528,2.2558645877293855
356,2066,33.844370227,100.752699238609,136.5458943356883,5.781512273137795,64.72257820425183,74.4235633757625,1.2060200811564918,2.7963463997951727,2.198016272502267
357,2067,32.319916007,97.48439292806039,135.2752651340674,5.198629174396192,61.34456819673101,72.1234245837447,1.1916807711405002,2.6974229579910443,2.1420636984645434
358,2068,31.029361036999997,94.54903190659134,134.5920878358784,4.6919229669312426,58.254387162123386,70.13339964637345,1.1781465211023463,2.6050408420377926,2.088036409307387
359,2069,29.951458908,91.87506909129343,133.7229508158078,4.248612464205635,55.39447196643772,68.03190606803561,1.165297352318401,2.5184639598098912,2.035634405408704
360,2070,28.910412351,89.28868540936632,132.6591309901992,3.836931475493123,52.651310344255364,65.82406675259107,1.1530274753052434,2.4370928662516045,1.9848732473507795
361,2071,27.64900874344,86.27220358074865,131.47832638418947,3.4232589163499014,49.72442907076106,63.55778384363273,1.1413066237694691,2.3605323371241833,1.9357667278008135
362,2072,26.053150574,83.55602533323736,130.99471741585938,3.0015214630223017,47.050245338300144,61.62280331864896,1.1302086480991016,2.2888437213182478,1.8882961371412834
363,2073,24.089275450000002,80.647205156467,129.63143788809802,2.578112867657206,44.3439719230652,59.2620962932804,1.1198500014951969,2.2214882249734518,1.8421578907830052
364,2074,22.085918192999998,77.982499490269,127.81625481467398,2.195086169182808,41.85202505133504,56.712802974200784,1.110356679225606,2.1583580260500423,1.7976097011638885
365,2075,20.276832038000002,74.990637884104,126.7441654236749,1.8721866377887448,39.264144384436435,54.51457503621107,1.1017235919018171,2.099020377826942,1.7547401936488434
366,2076,18.834293361700002,72.5567823372406,125.0893919019866,1.6160487435762683,37.0506225291712,52.076035843455436,1.0938567652753193,2.0434984444797886,1.7132398598649359
367,2077,17.71965742,70.132482474027,122.94745367519539,1.4122227235259135,34.91085769318043,49.46894895983152,1.086599931246774,1.9911768099967058,1.6732438166979722
368,2078,16.6725165,68.42813126520801,121.76624457610941,1.232378181743837,33.189992141836505,47.284308350129415,1.0798165247189977,1.9418769823694644,1.6348426309255397
369,2079,15.683060000000001,66.00234812364799,120.463620422156,1.0734097897618762,31.171729931206734,45.0644864436631,1.0734726550133045,1.894951957469748,1.5976790987614984
370,2080,14.786214000000001,63.92683706280901,119.06780810713902,0.9354695033953889,29.386074674381803,42.82754724541865,1.0675392939076098,1.8507650857245566,1.5617445003644006
371,2081,13.91244188,61.73761655575699,117.71929505564,0.8119091180947391,27.608641776451762,40.62845799917794,1.0619752748113933,1.8089502235265735,1.527020584423299
372,2082,13.051420400000001,60.188533584301,115.995538633679,0.7010857264799739,26.173418134059535,38.325970050315355,1.0567665366982444,1.7694643333592959,1.4934489884436484
373,2083,12.2161156,57.8781829161124,114.349116268111,0.6027718772999773,24.457341293688337,36.08628633048125,1.0519033873183112,1.7317990842360604,1.4610909975941275
374,2084,11.394377669999999,55.806922138600804,112.037407039553,0.5153583344102666,22.908415127920133,33.68291770135661,1.0473717638063496,1.6963360106427565,1.429878593885964
375,2085,10.6535422,53.380216492707,109.82732234587,0.44080782270836416,21.278185570330272,31.376095213529602,1.0431625661084964,1.66282988829527,1.3999439697813887
376,2086,10.090966,51.456017782777,107.630537324109,0.38104024493256705,19.91500294540061,29.137323857162414,1.0392423438185105,1.631400195842816,1.3712081920232773
377,2087,9.623211999999999,49.677161915997004,104.882680949442,0.3302955414346846,18.661229248225602,26.822874317515378,1.0355427214811825,1.6016659066201948,1.3436195332124325
378,2088,9.176323,47.995962902595004,102.192065708238,0.2847685682641313,17.492777937992173,24.613347469634963,1.0320268599208853,1.573473817842023,1.3172693237072253
379,2089,8.66477244,46.232755101907,99.54054800190798,0.24162136675574586,16.34167164391227,22.50227920689666,1.0286853891916108,1.546707236854658,1.292092223240014
380,2090,7.995885699999999,44.462374297159,96.507066934446,0.19913012287860982,15.236857676737536,20.39925943386544,1.0255401263908968,1.5213546051086984,1.2680311009315284
381,2091,7.246150999999999,42.937934408366,93.182656489113,0.16046387514940136,14.262268877205283,18.34503016836514,1.0226461982193131,1.4973648776070092,1.2451311067742832
382,2092,6.4740893,42.634487629929,89.73423846917699,0.1271337941285244,13.721062147906927,16.386745123043134,1.0200306736057807,1.4745567818119119,1.2234124763570653
383,2093,5.833573736,41.1403988931129,86.00522918616,0.10145554743898545,12.811739143961589,14.504360915797841,1.0176994863158002,1.4522536278598712,1.2028557312192816
384,2094,5.3812321,39.527315910345195,81.884270602472,0.08267601500346372,11.906155039407366,12.694724820856681,1.015603499081112,1.4310519422061898,1.1834774990563655
385,2095,4.99499061,37.9201193431701,77.370229912615,0.06737948836634322,11.04496676445765,10.976136223855857,1.0136738648207297,1.4109731742772045,1.1653179614938274
386,2096,4.61619892,36.50681492886869,72.67839440453099,0.054223694484501095,10.280195792408549,9.39259952048431,1.0118860124845097,1.3919756389079163,1.1484156047608092
387,2097,4.25085504,35.145375653140505,67.86358695835101,0.04307314661083633,9.5651565068578,7.953728979546322,1.0102365445030572,1.3739278562141561,1.1327616063179493
388,2098,3.856280303,33.88225409923,63.173524882429994,0.03333607337785266,8.909599652858361,6.684734208657815,1.0087199999203618,1.3567742336719382,1.1183373573575464
389,2099,3.42517,32.52611030645,58.67004286806999,0.02497846741258508,8.260859516767825,5.578589312506502,1.0073461942285284,1.3404398985350863,1.1050750909780265
390,2100,3.09218,31.17335358834,54.24933389118001,0.01883206632356378,7.645306627863723,4.611328783929061,1.0061275412774486,1.3249443798164264,1.0928991560794101
391,2101,2.7793799999999997,29.81364765027,49.94602039104,0.013906543581469623,7.05967929208467,3.7749499314057293,1.0050286302872273,1.3102614533409545,1.081760069537613
392,2102,2.490843,28.446991338310003,45.61372947008,0.010027228338961244,6.50343756192905,3.047924293799199,1.004041907687586,1.2963712089756882,1.0716049956338571
393,2103,2.197449,27.06285776949,41.37960769712,0.006918665857388706,5.9736293360479005,2.4309448214867833,1.0031584433000316,1.2832549969715943,1.0624140764279641
394,2104,1.871003,25.69423275936,37.22313211366,0.004441830913462662,5.476883415693357,1.9119092175735126,1.0023796867667811,1.2709001720549022,1.0541445200920925
395,2105,1.505319,24.33751667128,33.18096615901,0.002580347042644971,5.010987383305528,1.482251798770472,1.0017170963411148,1.2592802519603719,1.0467606282679305
396,2106,1.1046230000000001,23.038318908649998,29.378416795779998,0.001306686108631945,4.583626647018665,1.1359728582696957,1.0011843259201192,1.2483718819060647,1.040222186889462
397,2107,0.8307332000000001,21.788346913300003,25.787080652472,0.0006587074410934634,4.190602056036051,0.8591932374203181,1.0007935522016378,1.238132902256863,1.0344671501084175
398,2108,0.61683005,20.593339078089997,22.521182550500004,0.0003081196545200111,3.8307090333135867,0.6441023164065302,1.0004997707937937,1.2285267301778409,1.0294418775044192
399,2109,0.387596,19.452351133600004,19.601351123999997,0.00010915121834864243,3.5014721954326657,0.4794440158322505,1.0002816901236566,1.2195159407206286,1.0250730229532106
400,2110,0.248085,18.3630029012,17.0330302882,3.5887652025450515e-05,3.200314470540739,0.35500309232925614,1.0001446796228608,1.2110651079573487,1.021285676546753
401,2111,0.119241,17.3287469363,14.819045523100002,6.795684837352878e-06,2.9258273719445675,0.2621113196819443,1.0000569944243465,1.203141269995387,1.0180059424614558
402,2112,0.0116777,16.357078184899997,12.868188817900004,1.7343044630955686e-07,2.6772890147073443,0.1921819961532728,1.000014851642193,1.195711277520342,1.0151610833644842
403,2113,0.0,15.42613916958,11.260799241099999,0.0,2.4492568478035004,0.14118777808828434,1.0000107245434415,1.1887400060408504,1.0126971862783094
404,2114,0.0,14.544905861700002,9.8436170593,0.0,2.241681221535046,0.10272709423415091,1.0000107245434415,1.1822027384769422,1.010545965984891
405,2115,0.0,13.711403258899999,8.46783231696,0.0,2.052759061935319,0.07277858768744168,1.0000107245434415,1.176071850830627,1.0086692223819451
406,2116,0.0,12.9268437475,7.063396302599999,0.0,1.8812936958629127,0.04950105136346598,1.0000107245434415,1.170321413335507,1.0070575692379693
407,2117,0.0,12.186121933299997,5.661522419900001,0.0,1.7252648565159305,0.03217278909063143,1.0000107245434415,1.164925765054647,1.005715187579494
408,2118,0.0,11.4912655986,4.431604549479999,0.0,1.5838241390012389,0.020469961498928834,1.0000107245434415,1.1598620739229057,1.004640520730132
409,2119,0.0,10.8317851532,3.47448875966,0.0,1.454487195473296,0.013153480659103038,1.0000107245434415,1.1551072816530084,1.0038001174687994
410,2120,0.0,10.212601650000002,2.8417144980399995,0.0,1.337042715933224,0.008899887631972624,1.0000107245434415,1.1506432131052948,1.0031417119917674
411,2121,0.0,9.6255744286,2.4144726252099997,0.0,1.2295926170402853,0.006269843712708617,1.0000107245434415,1.1464501287207844,1.002603536446715
412,2122,0.0,9.0683422507,2.0563820061799998,0.0,1.1311461267266743,0.004404570798943512,1.0000107245434415,1.1425120545163532,1.0021465006013215
413,2123,0.0,8.5427045875,1.74329654233,0.0,1.0413021842222148,0.0030583156522305628,1.0000107245434415,1.138814334739223,1.0017574120630997
414,2124,0.0,8.050732676470002,1.4520449877980002,0.0,0.9597121708666431,0.0020701013356296443,1.0000107245434415,1.1353418975601994,1.0014276808205143
415,2125,0.0,7.581906368319999,1.1894946474,0.0,0.8845773769475023,0.0013700507544672454,1.0000107245434415,1.1320791285730498,1.0011531204373139
416,2126,0.0,7.15090975741,0.9514703407999999,0.0,0.8171496632316689,0.0008823932992917252,1.0000107245434415,1.129014937585456,1.000928260558754
417,2127,0.0,6.721315042540001,0.7350571142000002,0.0,0.7528212372148975,0.0005497293549603608,1.0000107245434415,1.1261325322216518,1.0007484327132754
418,2128,0.0,6.32891436086,0.5713889925,0.0,0.695350746979618,0.00034806604928777754,1.0000107245434415,1.1234299982459348,1.0006095290778039
419,2129,0.0,5.962004766,0.44191900373,0.0,0.6430184822681153,0.00022154091636601716,1.0000107245434415,1.1208911713562388,1.0005015671019588
420,2130,0.0,5.618157161359999,0.35163393350000005,0.0,0.5952397151853666,0.0001469482804764149,1.0000107245434415,1.1185047776643613,1.000418076021747
421,2131,0.0,5.2916667206,0.2985222735,0.0,0.5511371217114348,0.00010493766207800873,1.0000107245434415,1.1162606645976119,1.0003516473390641
422,2132,0.0,5.6280064123799995,0.2521246975,0.0,0.5766211010177182,7.441927402197999e-05,1.0000107245434415,1.1141510824210343,1.0002952556709945
423,2133,0.0,9.2687367364,0.20926287917000003,0.0,0.9328805793088668,5.180716939953506e-05,1.0000107245434415,1.1119117894705135,1.0002476311072073
424,2134,0.0,9.661768868550002,0.17433486769999998,0.0,0.9435998157866271,3.627233220620519e-05,1.0000107245434415,1.1082337139915333,1.000208104558328
425,2135,0.0,9.37339421041,0.1446049607,0.0,0.8861730336018223,2.5326964020890416e-05,1.0000107245434415,1.1044126240074126,1.000175176567864
426,2136,0.0,9.650824248225,0.11929220559999998,0.0,0.8830719910089269,1.763650076768714e-05,1.0000107245434415,1.1007181732675142,1.0001478647200395
427,2137,0.0,12.47483128772,0.09850624072084,0.0,1.102307852731243,1.2344664279744166e-05,1.0000107245434415,1.0969272878647036,1.000125334307749
428,2138,0.0,12.776715742499999,0.08032475744590001,0.0,1.076924369143407,8.572152064116263e-06,1.0000107245434415,1.0920464591869423,1.0001067300698203
429,2139,0.0,12.4999348402457,0.0647268174267,0.0,1.0011955553417438,5.92583884389431e-06,1.0000107245434415,1.0870700283339894,1.0000915599074505
430,2140,0.0,11.9218674927743,0.0521163468567,0.0,0.9057796274016597,4.134361203163687e-06,1.0000107245434415,1.0822233481133385,1.0000793357450237
431,2141,0.0,11.289497446835998,0.0412654995767,0.0,0.8131814923040348,2.8674755033839882e-06,1.0000107245434415,1.0776209400168253,1.0000694932765402
432,2142,0.0,10.715535124450001,0.03254110454669999,0.0,0.7316277348185314,2.007666214319851e-06,1.0000107245434415,1.0732807012591428,1.0000617001209866
433,2143,0.0,10.16998972185,0.025288883646699997,0.0,0.6580128160832512,1.4048369170522724e-06,1.0000107245434415,1.069177293280046,1.0000555546453491
434,2144,0.0,9.38866037538,0.019309564906699998,0.0,0.5754771402655205,9.804666959713013e-07,1.0000107245434415,1.0652973080115524,1.000050778797328
435,2145,0.0,8.58113258975,0.014197651246700001,0.0,0.4988993692926716,6.691345604653687e-07,1.0000107245434415,1.061727910551985,1.0000471321690187
436,2146,0.0,8.201753086132,0.010376792486700002,0.0,0.453109543023869,4.6123766305279573e-07,1.0000107245434415,1.05847598234492,1.0000444509385815
437,2147,0.0,9.578072452383,0.007208876319600002,0.0,0.5025750418444718,3.063013882688975e-07,1.0000107245434415,1.0553771346197376,1.0000424912829444
438,2148,0.0,9.324055781819999,0.005010603215900003,0.0,0.45894465271814266,2.0607708337842521e-07,1.0000107245434415,1.0517697574271287,1.0000411298900405
439,2149,0.0,8.77409734392,0.0034561193629000023,0.0,0.4040226256226283,1.3887387951495743e-07,1.0000107245434415,1.0482698947405351,1.0000401836410697
440,2150,0.0,8.27010490322,0.0022902346032000025,0.0,0.35603122606633325,9.053158413401743e-08,1.0000107245434415,1.0449871002710176,1.0000395309558276
441,2151,0.0,7.8070140537,0.0016095688153000024,0.0,0.3139754385231799,6.292918087236323e-08,1.0000107245434415,1.0419022848604085,1.0000390984471788
442,2152,0.0,7.3845776023499985,0.0011321714788000024,0.0,0.2771783525723186,4.392030189045492e-08,1.0000107245434415,1.0389985623195417,1.0000387944817355
443,2153,0.0,6.986227556473999,0.0009013466436000024,0.0,0.24445276098924323,3.477321795815845e-08,1.0000107245434415,1.0362594077086293,1.000038580672352
444,2154,0.0,6.439894919480001,0.0008368544107000024,0.0,0.20979645121420312,3.2142723252115095e-08,1.0000107245434415,1.0336746605664167,1.000038410454026
445,2155,0.0,5.886277065045999,0.0007759879311000023,0.0,0.17863634204641923,2.9682276967541002e-08,1.0000107245434415,1.0312977551874603,1.000038252415014
446,2156,0.0,5.3810498481,0.0006843086768000023,0.0,0.15231293050366868,2.6075184264174594e-08,1.0000107245434415,1.0291299663578575,1.00003810587059
447,2157,0.0,4.921485343187,0.0006172668999000022,0.0,0.13009687625084465,2.3440832455389864e-08,1.0000107245434415,1.0271522288682293,1.0000379766397052
448,2158,0.0,4.502958269125999,0.0005818501634000022,0.0,0.11131381068147123,2.202805369665776e-08,1.0000107245434415,1.0253467264335185,1.0000378600695952
449,2159,0.0,4.12023409971,0.000566783394500002,0.0,0.09537918380231515,2.13953719646153e-08,1.0000107245434415,1.0236975458234139,1.0000377501879052
450,2160,0.0,3.7708846291839997,0.0005406896277000019,0.0,0.08186257072642959,2.0352495474823378e-08,1.0000107245434415,1.0221908596449698,1.0000376431515683
451,2161,0.0,3.450938895724,0.0005293966711000019,0.0,0.07036286020062614,1.9873357136200085e-08,1.0000107245434415,1.02081386706326,1.000037541043017
452,2162,0.0,3.157384199965,0.0005207233832000016,0.0,0.06055943900748865,1.9495709209744927e-08,1.0000107245434415,1.0195553328593137,1.0000374410671364
453,2163,0.0,2.889147222959,0.00048019091560000165,0.0,0.052214360328856735,1.7930969736430916e-08,1.0000107245434415,1.0184052153706762,1.0000373427292046
454,2164,0.0,2.6416271424160005,0.00046062214450000565,0.0,0.04506066766275268,1.7158478027983038e-08,1.0000107245434415,1.0173539434098389,1.0000372520457848
455,2165,0.0,2.413361510101,0.00045484972610000543,0.0,0.038925754579690865,1.690388817671779e-08,1.0000107245434415,1.0163936861585647,1.0000371650579096
456,2166,0.0,2.2067791876469998,0.0004456993142000052,0.0,0.033719792858344685,1.652554349908788e-08,1.0000107245434415,1.015517197983272,1.0000370791601554
457,2167,0.0,2.0191381864029996,0.0004353096167000049,0.0,0.029283494122579416,1.610367935760722e-08,1.0000107245434415,1.0147163982557037,1.000036994990451
458,2168,0.0,1.846251530165,0.00042199140110000475,0.0,0.02546235866987463,1.5576301981844322e-08,1.0000107245434415,1.0139842432438053,1.0000369127828337
459,2169,0.0,1.6898181759610005,0.0003962397054000045,0.0,0.022204675049237406,1.4594195319745469e-08,1.0000107245434415,1.013315240634054,1.0000368330903495
460,2170,0.0,1.5474419427960002,0.0003814895579000044,0.0,0.019411049617660693,1.4022377315997917e-08,1.0000107245434415,1.0127033096675717,1.0000367582610423
461,2171,0.0,1.416403125647,0.0003687673580000042,0.0,0.01699339801036942,1.3528183125572794e-08,1.0000107245434415,1.012143261315661,1.0000366862172856
462,2172,0.0,1.2967239543000002,0.0003565182355000041,0.0,0.01490867794967835,1.305399910930717e-08,1.0000107245434415,1.0116309098703578,1.0000366165761023
463,2173,0.0,1.188920699284,0.00034471851032000385,0.0,0.013124329662520801,1.259874190234864e-08,1.0000107245434415,1.0111620770412362,1.0000365492481538
464,2174,0.0,1.090588790483,0.0003333478232700037,0.0,0.011580362572701812,1.2161467808751333e-08,1.0000107245434415,1.01073241160417,1.0000364841485696
465,2175,0.0,0.9975257586976001,0.00032238578539000353,0.0,0.010207335244486738,1.1741248352205754e-08,1.0000107245434415,1.0103384430007767,1.0000364211963264
466,2176,0.0,0.9119830693178002,0.00031181598828000336,0.0,0.009010069854668455,1.1337315094640431e-08,1.0000107245434415,1.0099782273224398,1.000036360314253
467,2177,0.0,0.8357631514487001,0.00030161866396000327,0.0,0.007987221760354544,1.0948790838693577e-08,1.0000107245434415,1.0096490142729346,1.0000363014282727
468,2178,0.0,0.7660417874583,0.0002917801547100031,0.0,0.0070941941516399175,1.057503320710865e-08,1.0000107245434415,1.0093474097740152,1.000036244468045
469,2179,0.0,0.7013882502943001,0.00028228523521000296,0.0,0.006305130247405925,1.0215353952161776e-08,1.0000107245434415,1.0090710449808946,1.0000361893658085
470,2180,0.0,0.6426146536987,0.00027311837049000286,0.0,0.005617090122180585,9.869064286061512e-09,1.0000107245434415,1.008818071596134,1.0000361360566754
471,2181,0.0,0.5894839097759,0.00026426645816000276,0.0,0.005018426409991201,9.535573292645937e-09,1.0000107245434415,1.0085863520649505,1.0000360844786933
472,2182,0.0,0.5390019578885001,0.00024330801464000264,0.0,0.0044760333287522085,8.767184343422152e-09,1.0000107245434415,1.0083738376813787,1.000036034572384
473,2183,0.0,0.49212595152550004,0.0002338468952500025,0.0,0.00399271591708321,8.415525134300592e-09,1.0000107245434415,1.0081795616971392,1.000035988624046
474,2184,0.0,0.45025705656600007,0.00022629240600000242,0.0,0.003574449909349089,8.133666524989546e-09,1.0000107245434415,1.0080022142256742,1.0000359444624283
475,2185,0.0,0.41045944351350006,0.00021899413859000232,0.0,0.003192962038820823,7.861985621303989e-09,1.0000107245434415,1.0078399823802326,1.0000359017274654
476,2186,0.0,0.3322076549412001,0.00021194204889000222,0.0,0.0025358725172846333,7.600047914556172e-09,1.0000107245434415,1.0076921127390388,1.0000358603707706
477,2187,0.0,0.2925561920849,0.00020512534396000215,0.0,0.002198717314760768,7.34739757759211e-09,1.0000107245434415,1.0075724495004008,1.0000358203458533
478,2188,0.0,0.26607356011610006,0.00019851904111000207,0.0,0.001972067168617521,7.103076401899691e-09,1.0000107245434415,1.0074670807294894,1.0000357816082612
479,2189,0.0,0.24315861251870002,0.00019208098084000196,0.0,0.0017792698136353687,6.865519892661448e-09,1.0000107245434415,1.00737125966827,1.00003574411826
480,2190,0.0,0.1904915198391,0.0001858401129900019,0.0,0.0013774499497078748,6.63571283110069e-09,1.0000107245434415,1.00728369893638,1.000035707844078
481,2191,0.0,0.30757298882330003,0.0001797141043700018,0.0,0.002203275702241793,6.410667356392563e-09,1.0000107245434415,1.0072151087929546,1.0000356727484745
482,2192,0.0,1.1300427524952,0.0001737827111500018,0.0,0.007971609763280625,6.193188264315843e-09,1.0000107245434415,1.007104371068551,1.0000356388097595
483,2193,0.0,1.2545747551114,0.00016790568575000166,0.0,0.00834675923749914,5.978235504721745e-09,1.0000107245434415,1.0066976181446206,1.000035605991179
484,2194,0.0,1.2387712235899,0.00010641585761000159,0.0,0.00768962254074539,3.785533109948244e-09,1.0000107245434415,1.0062462330150919,1.000035574282467
485,2195,0.0,1.2267082762626,0.00010621761435000152,0.0,0.007074767663723715,3.776346552996742e-09,1.0000107245434415,1.0058007324444957,1.000035554186008
486,2196,0.0,1.215800289968,0.00012215233293000108,0.0,0.00648166298735408,4.340422276931034e-09,1.0000107245434415,1.0053597644514392,1.0000355341269866
487,2197,0.0,1.2052814748167002,0.0001221704331200003,0.0,0.005904423290863146,4.3382473686958865e-09,1.0000107245434415,1.0049229083409188,1.0000355110587207
488,2198,0.0,1.1898438350654001,0.00011908636617000186,0.0,0.005318541282743375,4.225985447264064e-09,1.0000107245434415,1.0044900191753265,1.0000354879870375
489,2199,0.0,1.0998008200106,0.0001161026093200112,0.0,0.004450253269498254,4.1174908037300914e-09,1.0000107245434415,1.0040628575039119,1.0000354654977757
490,2200,0.0,0.9740915926372,0.00011321364889001276,0.0,0.003560087569182163,4.012553895673091e-09,1.0000107245434415,1.0036681834135128,1.000035443571992
491,2201,0.0,0.8770756821147,0.00011029086839001275,0.0,0.0029011674059333625,3.906605911563176e-09,1.0000107245434415,1.003318750841072,1.0000354221917838
492,2202,0.0,0.7937634401689,0.00010759299247001273,0.0,0.0023775010617880614,3.8088038037895715e-09,1.0000107245434415,1.003004224543679,1.0000354013635386
493,2203,0.0,0.7183826442099001,0.00010498117184001272,0.0,0.001948457167310142,3.7142121295237817e-09,1.0000107245434415,1.0027196596736307,1.0000353810447828
494,2204,0.0,0.65049614662019,0.0001024539982800127,0.0,0.0015977102559378681,3.6227701922050763e-09,1.0000107245434415,1.0024621884818983,1.0000353612192652
495,2205,0.0,0.5887961180585001,0.00010000778584001268,0.0,0.0013095692717488808,3.5343373561459e-09,1.0000107245434415,1.0022291051164547,1.0000353418710008
496,2206,0.0,0.5329152908015,9.764916647001269e-05,0.0,0.0010733509601571023,3.4491381792983044e-09,1.0000107245434415,1.0020181766042695,1.0000353229846997
497,2207,0.0,0.4825871878870001,9.541261325001266e-05,0.0,0.0008802255121527538,3.3683798663908596e-09,1.0000107245434415,1.0018273049403588,1.0000353045438204
498,2208,0.0,0.43666928884560013,9.320356757001266e-05,0.0,0.0007212718166591566,3.288713998850353e-09,1.0000107245434415,1.0016544904174005,1.000035286525311
499,2209,0.0,0.39504814546970013,9.105654844001265e-05,0.0,0.0005909539861992781,3.211353223432945e-09,1.0000107245434415,1.001498144789747,1.0000352689239755
500,2210,0.0,0.3573975704001,8.897831950901265e-05,0.0,0.00048423227597338555,3.1365289582502306e-09,1.0000107245434415,1.001356722274708,1.0000352517281021
501,2211,0.0,0.3235985601722001,8.696670411601264e-05,0.0,0.0003971484150945208,3.0641573054810748e-09,1.0000107245434415,1.001228795421825,1.0000352349246988
502,2212,0.0,0.29289947445340014,8.501952872501263e-05,0.0,0.00032562903782993826,2.9941549235664153e-09,1.0000107245434415,1.0011129806813983,1.0000352185011858
503,2213,0.0,0.2649915634779002,8.352331501701263e-05,0.0,0.0002668860437605061,2.940121436511319e-09,1.0000107245434415,1.0010081645819624,1.0000352024453936
504,2214,0.0,0.23975217839390023,8.400491858401237e-05,0.0,0.00021877662926934598,2.9557495269951614e-09,1.0000107245434415,1.0009133449767658,1.0000351866721593
505,2215,0.0,0.21683214227896022,8.205188423001189e-05,0.0,0.0001792941622598362,2.8857295708098045e-09,1.0000107245434415,1.0008275642984543,1.000035170807975
506,2216,0.0,0.19613965098359018,7.956160657301144e-05,0.0,0.0001469926292156686,2.796914825060167e-09,1.0000107245434415,1.0007499904866328,1.000035155312618
507,2217,0.0,0.17751610902797021,7.715017154101099e-05,0.0,0.00012059786694223367,2.7109839474588053e-09,1.0000107245434415,1.0006798247946238,1.0000351402875465
508,2218,0.0,0.1606866537671002,7.481236107301056e-05,0.0,9.897429878287127e-05,2.6277455867791094e-09,1.0000107245434415,1.000616325605492,1.00003512571787
509,2219,0.0,0.1455656027947802,7.254790995801016e-05,0.0,8.130389258506595e-05,2.5471830113423225e-09,1.0000107245434415,1.000558849945998,1.0000351115896855
510,2220,0.0,0.13193244849340022,7.035481407830974e-05,0.0,6.682761788449605e-05,2.4692188005218425e-09,1.0000107245434415,1.00050678575235,1.0000350978891386
511,2221,0.0,0.11965164654783018,6.823171290000937e-05,0.0,5.496663953084098e-05,2.3937985568597427e-09,1.0000107245434415,1.000459600045528,1.0000350846027541
512,2222,0.0,0.10856569864953017,6.6176072460009e-05,0.0,4.5232252602285555e-05,2.320827110881489e-09,1.0000107245434415,1.0004168084980103,1.000035071717314
513,2223,0.0,0.0985125346676102,6.418568287000866e-05,0.0,3.7222018801836665e-05,2.2502210906260812e-09,1.0000107245434415,1.0003779832508335,1.0000350592200784
514,2224,0.0,0.0893946127826802,6.225838639000833e-05,0.0,3.062990891569473e-05,2.1818993450254006e-09,1.0000107245434415,1.0003427545184391,1.000035047098725
515,2225,0.0,0.08112122963192017,6.0392216340008e-05,0.0,2.5203630268152544e-05,2.1157877862203335e-09,1.0000107245434415,1.0003107874887438,1.000035035341337
516,2226,0.0,0.07361563019674017,5.8585210040007694e-05,0.0,2.073755855814773e-05,2.051812806261208e-09,1.0000107245434415,1.0002817798601882,1.0000350239363727
517,2227,0.0,0.06680468692794016,5.683541835000739e-05,0.0,1.7061355753447088e-05,1.9899015930119617e-09,1.0000107245434415,1.0002554568396058,1.0000350128726585
518,2228,0.0,0.06062369565976014,5.51411103700071e-05,0.0,1.403536893742197e-05,1.9299892774866506e-09,1.0000107245434415,1.0002315698334239,1.0000350021393891
519,2229,0.0,0.05501912164402015,5.350053060000682e-05,0.0,1.1545728565827203e-05,1.872010407419754e-09,1.0000107245434415,1.0002098934260177,1.0000349917260876
520,2230,0.0,0.04993774842695013,5.191177258000656e-05,0.0,9.497420713412634e-06,1.8158945142838731e-09,1.0000107245434415,1.0001902213781177,1.0000349816226064
521,2231,0.0,0.04533030874815013,5.03734955800063e-05,0.0,7.812080419409287e-06,1.7615911718274539e-09,1.0000107245434415,1.0001723665065647,1.00003497181916
522,2232,0.0,0.041152346482739126,4.888069728000606e-05,0.0,6.425316884150537e-06,1.7089221583927962e-09,1.0000107245434415,1.0001561592668748,1.000034962306214
523,2233,0.0,0.037363619332700104,4.7368448500005815e-05,0.0,5.284188141432038e-06,1.655615072762619e-09,1.0000107245434415,1.0001414460286033,1.0000349530751804
524,2234,0.0,0.03392758597560011,4.5876947970005593e-05,0.0,4.345145317964997e-06,1.6030740035706469e-09,1.0000107245434415,1.0001280875650915,1.0000349441297325
525,2235,0.0,0.0308113296916001,4.4432593440005386e-05,0.0,3.5723975170473933e-06,1.5522191277676239e-09,1.0000107245434415,1.0001159577272356,1.0000349354659517
526,2236,0.0,0.0279847356924001,4.303388477000517e-05,0.0,2.9364700352164766e-06,1.5029952229217296e-09,1.0000107245434415,1.000104942145138,1.000034927074936
527,2237,0.0,0.025420905597000092,4.167932786000497e-05,0.0,2.41316111826066e-06,1.4553474656361725e-09,1.0000107245434415,1.00009493722432,1.0000349189480628
528,2238,0.0,0.023095146452530087,4.036763281000477e-05,0.0,1.9825248944091194e-06,1.4092283395026175e-09,1.0000107245434415,1.0000858489941276,1.0000349110769962
529,2239,0.0,0.02098527472073008,3.909731385000459e-05,0.0,1.6281697737103545e-06,1.3645836527390446e-09,1.0000107245434415,1.0000775923178917,1.0000349034536402
530,2240,0.0,0.019070918679930084,3.786362342000441e-05,0.0,1.3365869069069484e-06,1.3212455539391846e-09,1.0000107245434415,1.0000700899946515,1.0000348960701821
531,2241,0.0,0.017334010752830076,3.665656157000423e-05,0.0,1.0966900537823696e-06,1.27886321506655e-09,1.0000107245434415,1.0000632721104952,1.0000348889197035
532,2242,0.0,0.015757889667390074,3.548735768000407e-05,0.0,8.993335959989095e-07,1.237826732550152e-09,1.0000107245434415,1.0000570752140445,1.0000348819971772
533,2243,0.0,0.01432748591641007,3.435811463000391e-05,0.0,7.369939400525871e-07,1.1982076110668974e-09,1.0000107245434415,1.0000514418130757,1.0000348752954524
534,2244,0.0,0.013029180556090068,3.327863342000376e-05,0.0,6.034811487985971e-07,1.1603457855163962e-09,1.0000107245434415,1.0000463198049432,1.0000348688069833
535,2245,0.0,0.0030980453432000636,3.223304906000362e-05,0.0,1.2906525656712818e-07,1.1236862194684992e-09,1.0000107245434415,1.000041661957583,1.000034862522373
536,2246,0.0,0.0009811512811430606,3.1216627680003474e-05,0.0,3.9788417062148775e-08,1.0880624344942403e-09,1.0000107245434415,1.0000405544297026,1.0000348564352186
537,2247,0.0,0.0009336298423740575,3.021938631000334e-05,0.0,3.753384246803861e-08,1.0531252298409025e-09,1.0000107245434415,1.000040203675764,1.000034850540015
538,2248,0.0,0.0008884797627690548,2.926102557000321e-05,0.0,3.542219632785761e-08,1.0195600270195773e-09,1.0000107245434415,1.000039869910483,1.0000348448331375
539,2249,0.0,0.0008455131297850521,2.834245231000309e-05,0.0,3.344065455837764e-08,9.873970038758687e-10,1.0000107245434415,1.0000395522861025,1.000034839307245
540,2250,0.0,0.0008026608790790495,2.7449209380002967e-05,0.0,3.150322069409505e-08,9.561312136513224e-10,1.0000107245434415,1.000039250022042,1.0000348339548235
541,2251,0.0,0.0007538281244060471,2.658524688000285e-05,0.0,2.9370319196872298e-08,9.25899230018719e-10,1.0000107245434415,1.0000389630773965,1.0000348287710898
542,2252,0.0,0.0006748142270080447,2.5751068300002736e-05,0.0,2.6109974826723266e-08,8.967175508643755e-10,1.0000107245434415,1.0000386935901324,1.0000348237505134
543,2253,0.0,0.00052379035897006,2.494303798000262e-05,0.0,2.0140195635666817e-08,8.684585938276757e-10,1.0000107245434415,1.0000384523497399,1.0000348188874701
544,2254,0.0,0.00037760698480909663,2.4160420070002514e-05,0.0,1.4448615834036524e-08,8.410958591907404e-10,1.0000107245434415,1.0000382650991455,1.0000348141770223
545,2255,0.0,0.00032195187925924246,2.3402379590002416e-05,0.0,1.227559182039645e-08,8.145994529767889e-10,1.0000107245434415,1.0000381301078853,1.00003480961437
546,2256,0.0,0.00030630306785527593,2.266828381000232e-05,0.0,1.1643672429980137e-08,7.889465759955752e-10,1.0000107245434415,1.0000380150128625,1.0000348051948726
547,2257,0.0,0.00029147492938093593,2.195720209000223e-05,0.0,1.1048087698570745e-08,7.641041102660973e-10,1.0000107245434415,1.0000379055121669,1.0000348009140079
548,2258,0.0,0.0002773655243101322,2.1121663810002144e-05,0.0,1.0484384513892098e-08,7.349400497905005e-10,1.0000107245434415,1.0000378013124143,1.00003479676743
549,2259,0.0,0.00026393897749012575,2.0272805490002062e-05,0.0,9.950693515470924e-09,7.053226937094338e-10,1.0000107245434415,1.0000377021566602,1.000034792778641
550,2260,0.0,0.00025116193742011974,1.9640442720001984e-05,0.0,9.445292891725461e-09,6.832466134390568e-10,1.0000107245434415,1.0000376078007895,1.0000347889501582
551,2261,0.0,0.0002390049347001139,1.9027804140001904e-05,0.0,8.966653742008702e-09,6.61863731456819e-10,1.0000107245434415,1.0000375180126062,1.0000347852410965
552,2262,0.0,0.00022743581736010842,1.843428849000183e-05,0.0,8.513188586408022e-09,6.411526280537803e-10,1.0000107245434415,1.0000374325704533,1.0000347816477293
553,2263,0.0,0.00021642621300010318,1.785822292900176e-05,0.0,8.083490724901385e-09,6.210546503321406e-10,1.0000107245434415,1.0000373512641627,1.0000347781664471
554,2264,0.0,0.00020594639158009814,1.730089151000471e-05,0.0,7.676137791134672e-09,6.016140164728622e-10,1.0000107245434415,1.0000372738937147,1.0000347747939538
555,2265,0.0,0.0001959778934300934,1.6761295350004515e-05,0.0,7.290159298027977e-09,5.827955642872659e-10,1.0000107245434415,1.0000372002697158,1.0000347715267113
556,2266,0.0,0.0001864907562800908,1.6238515150004322e-05,0.0,6.9241837300731706e-09,5.645669337936095e-10,1.0000107245434415,1.0000371302093711,1.0000347683613708
557,2267,0.0,0.00017746604661008633,1.5731950070004144e-05,0.0,6.5772762461560415e-09,5.469068678973732e-10,1.0000107245434415,1.000037063540598,1.0000347652947563
558,2268,0.0,0.0001688776267000821,1.524129929000397e-05,0.0,6.248257565435514e-09,5.298045639009031e-10,1.0000107245434415,1.000037000098081,1.0000347623238057
559,2269,0.0,0.00016070457477007803,1.4765962030003804e-05,0.0,5.9361636547563764e-09,5.132388127497453e-10,1.0000107245434415,1.000036939725851,1.0000347594455141
560,2270,0.0,0.0001529275982300742,1.4305337570003645e-05,0.0,5.6401097767215426e-09,4.971884304167098e-10,1.0000107245434415,1.000036882275417,1.0000347566569885
561,2271,0.0,0.0001455272507100705,1.3859225210003492e-05,0.0,5.3592227654297714e-09,4.816461564288864e-10,1.0000107245434415,1.0000368276051848,1.0000347539554513
562,2272,0.0,0.0001384850379500669,1.3426924310003348e-05,0.0,5.092680376642103e-09,4.665873726335668e-10,1.0000107245434415,1.0000367755805126,1.0000347513381618
563,2273,0.0,0.00013178378456006357,1.3008134240003207e-05,0.0,4.839723196796222e-09,4.5200138123759215e-10,1.0000107245434415,1.0000367260733707,1.0000347488025112
564,2274,0.0,0.0001254069640300603,1.2602454420003075e-05,0.0,4.599628541902614e-09,4.378740265490593e-10,1.0000107245434415,1.0000366789618669,1.000034746345948
565,2275,0.0,0.00011933872413005713,1.2209384290002946e-05,0.0,4.371710182509724e-09,4.241876946606596e-10,1.0000107245434415,1.0000366341300209,1.0000347439659976
566,2276,0.0,0.00011356433523005427,1.1828623350002821e-05,0.0,4.1553336339614356e-09,4.1093173752332927e-10,1.0000107245434415,1.0000365914675176,1.0000347416602773
567,2277,0.0,0.00010806953063005156,1.1459671080002706e-05,0.0,3.9498909181502375e-09,3.980885714113091e-10,1.0000107245434415,1.0000365508693068,1.0000347394264635
568,2278,0.0,0.00010284048752004903,1.1102227030002592e-05,0.0,3.754798996993179e-09,3.8564757639767453e-10,1.0000107245434415,1.00003651223544,1.0000347372623255
569,2279,0.0,9.786462431004666e-05,1.0755990740002485e-05,0.0,3.569528056869673e-09,3.735981435254588e-10,1.0000107245434415,1.0000364754709095,1.0000347351656904
570,2280,0.0,9.31296799100444e-05,1.0420561810002383e-05,0.0,3.393567059873515e-09,3.619262034667378e-10,1.0000107245434415,1.0000364404852071,1.000034733134441
571,2281,0.0,8.859000141004225e-05,1.0095539820002283e-05,0.0,3.225195788350966e-09,3.50617697403066e-10,1.0000107245434415,1.0000364071922039,1.0000347311665365
572,2282,0.0,8.419111356004184e-05,9.780664420002186e-06,0.0,3.0623843156117954e-09,3.3966344147089305e-10,1.0000107245434415,1.0000363755220942,1.0000347292600118
573,2283,0.0,8.012013915003981e-05,9.475625240002094e-06,0.0,2.9118946382389457e-09,3.290525235383362e-10,1.0000107245434415,1.0000363454245484,1.0000347274129513
574,2284,0.0,7.624614827003782e-05,9.180101950002008e-06,0.0,2.768914212867383e-09,3.1877369435532913e-10,1.0000107245434415,1.0000363167823392,1.000034725623496
575,2285,0.0,7.255945432003596e-05,8.893794230001924e-06,0.0,2.6330525826988435e-09,3.088164078896484e-10,1.0000107245434415,1.0000362895250468,1.0000347238898506
576,2286,0.0,6.905103406003412e-05,8.616411780001846e-06,0.0,2.50394729009486e-09,2.991704737673758e-10,1.0000107245434415,1.000036263585713,1.0000347222102735
577,2287,0.0,6.571232076003237e-05,8.347684310001768e-06,0.0,2.381255966638797e-09,2.8982640366883673e-10,1.0000107245434415,1.0000362389006079,1.00003472058308
578,2288,0.0,6.253503305003066e-05,8.087341570001694e-06,0.0,2.264649787468451e-09,2.8077471740533593e-10,1.0000107245434415,1.0000362154090632,1.0000347190066345
579,2289,0.0,5.944332824002899e-05,7.835123280001623e-06,0.0,2.1513576872550704e-09,2.7200628733849927e-10,1.0000107245434415,1.0000361930533697,1.0000347174793542
580,2290,0.0,5.655606683002745e-05,7.590759220001556e-06,0.0,2.045660908744206e-09,2.635116467804386e-10,1.0000107245434415,1.000036171802932,1.000034715999706
581,2291,0.0,5.358047988002601e-05,7.354029150001492e-06,0.0,1.936949230929225e-09,2.5528306976155505e-10,1.0000107245434415,1.0000361515846639,1.0000347145662052
582,2292,0.0,5.0943660530025306e-05,7.12467286000143e-06,0.0,1.840651748062125e-09,2.473114480116756e-10,1.0000107245434415,1.000036132430142,1.00003471317741
583,2293,0.0,4.848332515002396e-05,6.90248015000137e-06,0.0,1.7508741548424177e-09,2.395894142654628e-10,1.0000107245434415,1.000036114218257,1.000034711831928
584,2294,0.0,4.614172651002273e-05,6.687210810001313e-06,0.0,1.6655125181757252e-09,2.321085641784261e-10,1.0000107245434415,1.00003609688592,1.0000347105284078
585,2295,0.0,4.391335599002163e-05,6.478654682001259e-06,0.0,1.5843538762418618e-09,2.2486154091995623e-10,1.0000107245434415,1.0000360803906836,1.00003470926554
586,2296,0.0,4.179246206002057e-05,6.2766015770012065e-06,0.0,1.5071779190649435e-09,2.178409906769297e-10,1.0000107245434415,1.0000360646920683,1.0000347080420573
587,2297,0.0,3.977405134001958e-05,6.080861336001155e-06,0.0,1.4337929851864821e-09,2.1104025865624755e-10,1.0000107245434415,1.0000360497516536,1.0000347068567328
588,2298,0.0,3.785313876001863e-05,5.891213804001107e-06,0.0,1.3640088706145343e-09,2.0445165260855277e-10,1.0000107245434415,1.0000360355328008,1.0000347057083736
589,2299,0.0,3.602495096001769e-05,5.707488836001062e-06,0.0,1.297644063464512e-09,1.980692193353463e-10,1.0000107245434415,1.0000360220006583,1.0000347045958282
590,2300,0.0,3.428515106001683e-05,5.529335733001018e-06,0.0,1.234533735390484e-09,1.9188074308345075e-10,1.0000107245434415,1.0000360091220746,1.0000347035179786
591,2301,0.0,3.262895355001598e-05,5.268330000001397e-06,0.0,1.1744977726141114e-09,1.8281773943043541e-10,1.0000107245434415,1.0000359968654542,1.0000347024737741
592,2302,0.0,3.105065590801515e-05,5.092770000001307e-06,0.0,1.1173238840774586e-09,1.7672051802459044e-10,1.0000107245434415,1.0000359852009089,1.0000347014788589
593,2303,0.0,2.954873739601433e-05,4.9339600000011954e-06,0.0,1.0629510126637034e-09,1.712050224425819e-10,1.0000107245434415,1.0000359741005893,1.0000347005170989
594,2304,0.0,2.8121105799016023e-05,4.7801000000010835e-06,0.0,1.0112980644613333e-09,1.6586173249829652e-10,1.0000107245434415,1.0000359635371932,1.000034699585329
595,2305,0.0,2.6223604891014823e-05,4.599360000000929e-06,0.0,9.427960663116744e-10,1.5958619544318259e-10,1.0000107245434415,1.0000359534841619,1.0000346986826154
596,2306,0.0,2.46519723450136e-05,4.451880000000851e-06,0.0,8.860613438950981e-10,1.5446514474463277e-10,1.0000107245434415,1.0000359441094684,1.0000346978140353
597,2307,0.0,2.339775593301228e-05,4.31305000000078e-06,0.0,8.407750862062715e-10,1.4964458850358466e-10,1.0000107245434415,1.0000359352966206,1.000034696973306
598,2308,0.0,2.0609358200011287e-05,4.178560000000724e-06,0.0,7.404044130857361e-10,1.4497495121758494e-10,1.0000107245434415,1.0000359269321422,1.0000346961587943
599,2309,0.0,1.8692711444011457e-05,4.048260000000694e-06,0.0,6.714099374520105e-10,1.4045100426463643e-10,1.0000107245434415,1.00003591956449,1.0000346953696808
600,2310,0.0,1.7674662707010566e-05,3.922020000000665e-06,0.0,6.34725281741037e-10,1.3606821455487182e-10,1.0000107245434415,1.0000359128820209,1.0000346946051748
601,2311,0.0,1.6562250124009813e-05,2.296070000000638e-06,0.0,5.946721330562024e-10,7.965677787942842e-11,1.0000107245434415,1.0000359065634945,1.000034693864508
602,2312,0.0,1.533421059000991e-05,2.0317400000006114e-06,0.0,5.504882517727991e-10,7.048558590899003e-11,1.0000107245434415,1.0000359006426462,1.0000346934308995
603,2313,0.0,1.3140620327009382e-05,1.4340900000005865e-06,0.0,4.716677491956699e-10,4.9751226050357204e-11,1.0000107245434415,1.0000358951608104,1.000034693047209
604,2314,0.0,1.1477096242009986e-05,1.3208900000005619e-06,0.0,4.119035164741078e-10,4.582375164465228e-11,1.0000107245434415,1.000035890463162,1.000034692776384
605,2315,0.0,9.900416732608674e-06,1.2797000000005385e-06,0.0,3.5527717147658713e-10,4.4394486562889724e-11,1.0000107245434415,1.0000358863602086,1.0000346925269359
606,2316,0.0,8.07238050000681e-06,1.2397900000005162e-06,0.0,2.896493902968818e-10,4.300965624811408e-11,1.0000107245434415,1.000035882820902,1.0000346922852672
607,2317,0.0,5.788944200004806e-06,1.2011300000004949e-06,0.0,2.0769948996289265e-10,4.166821782353787e-11,1.0000107245434415,1.0000358799351023,1.0000346920511347
608,2318,0.0,3.893661500003025e-06,1.1636800000004744e-06,0.0,1.396912521997074e-10,4.0368781639399e-11,1.0000107245434415,1.0000358778656089,1.000034691824304
609,2319,0.0,2.3726218100014743e-06,1.1273900000004546e-06,0.0,8.511825013073244e-11,3.9109611272915806e-11,1.0000107245434415,1.0000358764736608,1.000034691604545
610,2320,0.0,6.589074100003811e-07,1.0922300000004359e-06,0.0,2.3637867438236248e-11,3.788966424462124e-11,1.0000107245434415,1.0000358756254715,1.000034691391639
611,2321,0.0,3.22301e-20,1.0581700000004175e-06,0.0,1.156225924545059e-24,3.670789818641609e-11,1.0000107245434415,1.0000358753899181,1.0000346911853737
612,2322,0.0,3.09277e-20,1.0251700000004004e-06,0.0,1.1095034929011148e-24,3.5562923933198147e-11,1.0000107245434415,1.0000358753899181,1.00003469098554
613,2323,0.0,1.9149e-20,9.93206000000372e-07,0.0,6.869531968288443e-25,3.4453907464251314e-11,1.0000107245434415,1.0000358753899181,1.000034690791938
614,2324,0.0,0.0,9.622350000003238e-07,0.0,0.0,3.337935574896036e-11,1.0000107245434415,1.0000358753899181,1.000034690604373
615,2325,0.0,0.0,9.322290000002886e-07,0.0,0.0,3.233829619342019e-11,1.0000107245434415,1.0000358753899181,1.0000346904226565
616,2326,0.0,0.0,9.031590000002597e-07,0.0,0.0,3.1329721599793274e-11,1.0000107245434415,1.0000358753899181,1.0000346902466073
617,2327,0.0,0.0,8.749950000002289e-07,0.0,0.0,3.035259015733765e-11,1.0000107245434415,1.0000358753899181,1.0000346900760473
618,2328,0.0,0.0,8.477100000001928e-07,0.0,0.0,2.94059641993572e-11,1.0000107245434415,1.0000358753899181,1.0000346899108064
619,2329,0.0,0.0,8.21275000000164e-07,0.0,0.0,2.8488836749680807e-11,1.0000107245434415,1.0000358753899181,1.0000346897507173
620,2330,0.0,0.0,7.956650000000544e-07,0.0,0.0,2.7600339655784042e-11,1.0000107245434415,1.0000358753899181,1.0000346895956218
621,2331,0.0,0.0,7.708540000000031e-07,0.0,0.0,2.6739570133870103e-11,1.0000107245434415,1.0000358753899181,1.0000346894453616
622,2332,0.0,0.0,7.46816e-07,0.0,0.0,2.59056254614677e-11,1.0000107245434415,1.0000358753899181,1.0000346892997867
623,2333,0.0,0.0,7.23527e-07,0.0,0.0,2.5097672347151308e-11,1.0000107245434415,1.0000358753899181,1.000034689158752
624,2334,0.0,0.0,7.00965e-07,0.0,0.0,2.431494692530194e-11,1.0000107245434415,1.0000358753899181,1.0000346890221152
625,2335,0.0,0.0,6.79107e-07,0.0,0.0,2.3556650689982387e-11,1.0000107245434415,1.0000358753899181,1.0000346888897391
626,2336,0.0,0.0,6.5793e-07,0.0,0.0,2.2821985181074732e-11,1.0000107245434415,1.0000358753899181,1.0000346887614906
627,2337,0.0,0.0,6.37413e-07,0.0,0.0,2.2110221357012868e-11,1.0000107245434415,1.0000358753899181,1.0000346886372422
628,2338,0.0,0.0,6.17537e-07,0.0,0.0,2.1420699588277954e-11,1.0000107245434415,1.0000358753899181,1.0000346885168672
629,2339,0.0,0.0,5.9828e-07,0.0,0.0,2.075265622338821e-11,1.0000107245434415,1.0000358753899181,1.0000346884002471
630,2340,0.0,0.0,5.79623e-07,0.0,0.0,2.0105431705166346e-11,1.0000107245434415,1.0000358753899181,1.0000346882872628
631,2341,0.0,0.0,5.61549e-07,0.0,0.0,1.947843588492093e-11,1.0000107245434415,1.0000358753899181,1.0000346881778017
632,2342,0.0,0.0,5.44038e-07,0.0,0.0,1.887097458345538e-11,1.0000107245434415,1.0000358753899181,1.0000346880717546
633,2343,0.0,0.0,5.27073e-07,0.0,0.0,1.828245771084658e-11,1.0000107245434415,1.0000358753899181,1.000034687969014
634,2344,0.0,0.0,5.10637e-07,0.0,0.0,1.771229520425042e-11,1.0000107245434415,1.0000358753899181,1.0000346878694768
635,2345,0.0,0.0,4.94713e-07,0.0,0.0,1.715989702726783e-11,1.0000107245434415,1.0000358753899181,1.000034687773044
636,2346,0.0,0.0,4.79286e-07,0.0,0.0,1.6624742539627636e-11,1.0000107245434415,1.0000358753899181,1.000034687679618
637,2347,0.0,0.0,4.64341e-07,0.0,0.0,1.610631112394864e-11,1.0000107245434415,1.0000358753899181,1.000034687589106
638,2348,0.0,0.0,4.49861e-07,0.0,0.0,1.560401281044438e-11,1.0000107245434415,1.0000358753899181,1.0000346875014163
639,2349,0.0,0.0,4.35833e-07,0.0,0.0,1.5117396394813705e-11,1.0000107245434415,1.0000358753899181,1.0000346874164605
640,2350,0.0,0.0,4.22242e-07,0.0,0.0,1.4645941319324285e-11,1.0000107245434415,1.0000358753899181,1.0000346873341543
641,2351,0.0,0.0,4.09075e-07,0.0,0.0,1.4189196415370432e-11,1.0000107245434415,1.0000358753899181,1.0000346872544146
642,2352,0.0,0.0,3.96319e-07,0.0,0.0,1.3746710530772328e-11,1.0000107245434415,1.0000358753899181,1.0000346871771613
643,2353,0.0,0.0,3.8396e-07,0.0,0.0,1.3317997842924098e-11,1.0000107245434415,1.0000358753899181,1.0000346871023171
644,2354,0.0,0.0,3.71987e-07,0.0,0.0,1.2902676601400605e-11,1.0000107245434415,1.0000358753899181,1.0000346870298074
645,2355,0.0,0.0,3.60387e-07,0.0,0.0,1.2500295697119978e-11,1.0000107245434415,1.0000358753899181,1.0000346869595584
646,2356,0.0,0.0,3.49149e-07,0.0,0.0,1.2110473405578919e-11,1.0000107245434415,1.0000358753899181,1.0000346868914998
647,2357,0.0,0.0,3.38261e-07,0.0,0.0,1.1732793328767062e-11,1.0000107245434415,1.0000358753899181,1.000034686825564
648,2358,0.0,0.0,3.27713e-07,0.0,0.0,1.136690845066664e-11,1.0000107245434415,1.0000358753899181,1.0000346867616845
649,2359,0.0,0.0,3.17494e-07,0.0,0.0,1.10124370802263e-11,1.0000107245434415,1.0000358753899181,1.000034686699797
650,2360,0.0,0.0,8.39109e-08,0.0,0.0,2.910486211809731e-12,1.0000107245434415,1.0000358753899181,1.0000346866398382
651,2361,0.0,0.0,5.26239e-08,0.0,0.0,1.8252821194280505e-12,1.0000107245434415,1.0000358753899181,1.0000346866239922
652,2362,0.0,0.0,5.09829e-08,0.0,0.0,1.7683628371516887e-12,1.0000107245434415,1.0000358753899181,1.0000346866140544
653,2363,0.0,0.0,4.9393e-08,0.0,0.0,1.713216026801603e-12,1.0000107245434415,1.0000358753899181,1.0000346866044267
654,2364,0.0,0.0,4.78528e-08,0.0,0.0,1.6597931253636268e-12,1.0000107245434415,1.0000358753899181,1.0000346865950986
655,2365,0.0,0.0,4.63606e-08,0.0,0.0,1.60803516450021e-12,1.0000107245434415,1.0000358753899181,1.0000346865860612
656,2366,0.0,0.0,4.49149e-08,0.0,0.0,1.557890113163644e-12,1.0000107245434415,1.0000358753899181,1.000034686577306
657,2367,0.0,0.0,4.35143e-08,0.0,0.0,1.5093094090202988e-12,1.0000107245434415,1.0000358753899181,1.000034686568824
658,2368,0.0,0.0,4.21574e-08,0.0,0.0,1.462244489898759e-12,1.0000107245434415,1.0000358753899181,1.000034686560607
659,2369,0.0,0.0,4.08428e-08,0.0,0.0,1.4166467937700682e-12,1.0000107245434415,1.0000358753899181,1.0000346865526448
660,2370,0.0,0.0,3.95691e-08,0.0,0.0,1.3724677589063472e-12,1.0000107245434415,1.0000358753899181,1.000034686544932
661,2371,0.0,0.0,3.83352e-08,0.0,0.0,1.3296692291836096e-12,1.0000107245434415,1.0000358753899181,1.0000346865374592
662,2372,0.0,0.0,3.71398e-08,0.0,0.0,1.2882061116612708e-12,1.0000107245434415,1.0000358753899181,1.0000346865302199
663,2373,0.0,0.0,3.59817e-08,0.0,0.0,1.2480367819898094e-12,1.0000107245434415,1.0000358753899181,1.0000346865232062
664,2374,0.0,0.0,3.48596e-08,0.0,0.0,1.2091161474499138e-12,1.0000107245434415,1.0000358753899181,1.000034686516411
665,2375,0.0,0.0,3.37726e-08,0.0,0.0,1.1714129895862158e-12,1.0000107245434415,1.0000358753899181,1.000034686509828
666,2376,0.0,0.0,3.27194e-08,0.0,0.0,1.1348822158904142e-12,1.0000107245434415,1.0000358753899181,1.0000346865034502
667,2377,0.0,0.0,3.16991e-08,0.0,0.0,1.0994926080846475e-12,1.0000107245434415,1.0000358753899181,1.0000346864972707
668,2378,0.0,0.0,3.58829e-09,0.0,0.0,1.2446087270055612e-13,1.0000107245434415,1.0000358753899181,1.0000346864912846
669,2379,0.0,0.0,0.0,0.0,0.0,0.0,1.0000107245434415,1.0000358753899181,1.0000346864906073
670,2380,0.0,0.0,0.0,0.0,0.0,0.0,1.0000107245434415,1.0000358753899181,1.0000346864906073
671,2381,0.0,0.0,0.0,0.0,0.0,0.0,1.0000107245434415,1.0000358753899181,1.0000346864906073
